GO ID	GO Category	GO Description	Copies per Million (CPM)	Relative Abundance
GO:0016021	Cellular_Components	integral component of membrane	130584	13.08576356560318
GO:0005737	Cellular_Components	cytoplasm	41425.6	4.151240635631096
GO:0005524	Molecular_Functions	ATP binding	39833.1	3.9916569310560868
GO:0003677	Molecular_Functions	DNA binding	34326.2	3.439812973301536
GO:0046872	Molecular_Functions	metal ion binding	24657.4	2.470906899333026
GO:0005886	Cellular_Components	plasma membrane	18052.3	1.8090128163889778
GO:0003700	Molecular_Functions	DNA-binding transcription factor activity	16195.6	1.6229537493343968
GO:0016787	Molecular_Functions	hydrolase activity	14512.6	1.4543010807003365
GO:0016740	Molecular_Functions	transferase activity	10393	1.04147782835044
GO:0006412	Biological_Processes	translation	9833.03	0.9853634879731288
GO:0009279	Cellular_Components	cell outer membrane	9777.97	0.9798459502815117
GO:0003824	Molecular_Functions	catalytic activity	9468.19	0.9488030366217024
GO:0003735	Molecular_Functions	structural constituent of ribosome	9242.25	0.9261616914338358
GO:0000287	Molecular_Functions	magnesium ion binding	9178.6	0.9197833537282161
GO:0005840	Cellular_Components	ribosome	8915.94	0.8934623139519698
GO:0006355	Biological_Processes	regulation of transcription, DNA-templated	8463.01	0.848074403551242
GO:0016887	Molecular_Functions	ATPase activity	8447.68	0.8465381911863221
GO:0016491	Molecular_Functions	oxidoreductase activity	8430.52	0.844818595349269
GO:0043565	Molecular_Functions	sequence-specific DNA binding	8252.84	0.8270133629292452
GO:0008270	Molecular_Functions	zinc ion binding	8125.28	0.8142306330356262
GO:0006352	Biological_Processes	DNA-templated transcription, initiation	7565.18	0.7581032654171251
GO:0005975	Biological_Processes	carbohydrate metabolic process	7219.68	0.7234808667165501
GO:0016987	Molecular_Functions	sigma factor activity	7184.37	0.719942467590306
GO:0003676	Molecular_Functions	nucleic acid binding	7094.06	0.7108925433453018
GO:0030170	Molecular_Functions	pyridoxal phosphate binding	6542.98	0.6556690658462774
GO:0055085	Biological_Processes	transmembrane transport	6483.77	0.6497356585320632
GO:0000160	Biological_Processes	phosphorelay signal transduction system	5860.4	0.5872680328360356
GO:0003723	Molecular_Functions	RNA binding	5668.1	0.567997736829898
GO:0019843	Molecular_Functions	rRNA binding	5457.39	0.5468825830521897
GO:0016301	Molecular_Functions	kinase activity	5308.28	0.5319403374074928
GO:0005623	Cellular_Components	cell	5062.56	0.5073168473678249
GO:0005525	Molecular_Functions	GTP binding	4961.2	0.4971596076216879
GO:0000155	Molecular_Functions	phosphorelay sensor kinase activity	4956.13	0.4966515452152859
GO:0006281	Biological_Processes	DNA repair	4738.34	0.4748269078404719
GO:0045454	Biological_Processes	cell redox homeostasis	4593.19	0.4602814920043257
GO:0008168	Molecular_Functions	methyltransferase activity	4484.05	0.4493446219777534
GO:0000049	Molecular_Functions	tRNA binding	4044.19	0.40526645036433817
GO:0005506	Molecular_Functions	iron ion binding	3903.44	0.3911619565376928
GO:0051539	Molecular_Functions	4 iron, 4 sulfur cluster binding	3393.29	0.3400400558225021
GO:0009055	Molecular_Functions	electron transfer activity	3368.12	0.3375177815090622
GO:0020037	Molecular_Functions	heme binding	3360.52	0.3367561889471972
GO:0006260	Biological_Processes	DNA replication	3335.19	0.3342178811061391
GO:0022857	Molecular_Functions	transmembrane transporter activity	3306.66	0.33135890271271684
GO:0006310	Biological_Processes	DNA recombination	3216.21	0.3222949491310467
GO:0051287	Molecular_Functions	NAD binding	3107.47	0.31139816292351985
GO:0030246	Molecular_Functions	carbohydrate binding	3053.29	0.305968809633803
GO:0051301	Biological_Processes	cell division	3051.02	0.3057413339607197
GO:0009058	Biological_Processes	biosynthetic process	2939.68	0.2945840029293968
GO:0008237	Molecular_Functions	metallopeptidase activity	2865.7	0.2871705005969264
GO:0008236	Molecular_Functions	serine-type peptidase activity	2734.57	0.2740300226183261
GO:0003924	Molecular_Functions	GTPase activity	2696.79	0.2702441059094759
GO:0008483	Molecular_Functions	transaminase activity	2608.2	0.2613665420863675
GO:0050660	Molecular_Functions	flavin adenine dinucleotide binding	2548.68	0.2554020698123929
GO:0004252	Molecular_Functions	serine-type endopeptidase activity	2470.93	0.2476107774854183
GO:0016746	Molecular_Functions	transferase activity, transferring acyl groups	2454.42	0.24595631785431413
GO:0006313	Biological_Processes	transposition, DNA-mediated	2451.49	0.24566270387980563
GO:0003887	Molecular_Functions	DNA-directed DNA polymerase activity	2439.23	0.24443413482606022
GO:0000166	Molecular_Functions	nucleotide binding	2380.48	0.23854682390374826
GO:0016829	Molecular_Functions	lyase activity	2361.19	0.2366137817302776
GO:0006189	Biological_Processes	'de novo' IMP biosynthetic process	2360.2	0.23651457427813993
GO:0003746	Molecular_Functions	translation elongation factor activity	2357.42	0.23623599173577353
GO:0004222	Molecular_Functions	metalloendopeptidase activity	2354.33	0.2359263442336468
GO:0015562	Molecular_Functions	efflux transmembrane transporter activity	2352.25	0.23571790837461007
GO:0008233	Molecular_Functions	peptidase activity	2245.06	0.22497644696588462
GO:0006633	Biological_Processes	fatty acid biosynthetic process	2241.76	0.224645755458759
GO:0016020	Cellular_Components	membrane	2177.94	0.21825038213004497
GO:0050661	Molecular_Functions	NADP binding	2154.26	0.2158774200425497
GO:0005887	Cellular_Components	integral component of plasma membrane	2141.4	0.21458872526023595
GO:0051536	Molecular_Functions	iron-sulfur cluster binding	2138.23	0.21427106099430016
GO:0008360	Biological_Processes	regulation of cell shape	2081.47	0.20858316707173963
GO:0006520	Biological_Processes	cellular amino acid metabolic process	2054.58	0.20588853233640403
GO:0006814	Biological_Processes	sodium ion transport	2012.89	0.20171079629638383
GO:0009116	Biological_Processes	nucleoside metabolic process	2009.2	0.20134102306568882
GO:0004519	Molecular_Functions	endonuclease activity	2006.21	0.2010413965183235
GO:0046983	Molecular_Functions	protein dimerization activity	2006.1	0.20103037346808597
GO:0005215	Molecular_Functions	transporter activity	2002.62	0.2006816442423899
GO:0071555	Biological_Processes	cell wall organization	1994.95	0.19991303701219187
GO:0016810	Molecular_Functions	hydrolase activity, acting on carbon-nitrogen (but not peptide) bonds	1962.21	0.19663217642331537
GO:0016788	Molecular_Functions	hydrolase activity, acting on ester bonds	1953	0.1957092464897921
GO:0015986	Biological_Processes	ATP synthesis coupled proton transport	1951.18	0.19552686511313494
GO:0004527	Molecular_Functions	exonuclease activity	1899.43	0.1903410210241197
GO:0007049	Biological_Processes	cell cycle	1890.01	0.18939704708559754
GO:0046933	Molecular_Functions	proton-transporting ATP synthase activity, rotational mechanism	1879.88	0.18838192436826953
GO:0004803	Molecular_Functions	transposase activity	1871.27	0.18751912016331454
GO:0009252	Biological_Processes	peptidoglycan biosynthetic process	1832.88	0.18367207563041993
GO:0016874	Molecular_Functions	ligase activity	1824.48	0.18283031543046385
GO:0006099	Biological_Processes	tricarboxylic acid cycle	1773.33	0.1777045970700169
GO:0016853	Molecular_Functions	isomerase activity	1722.04	0.17256484937290403
GO:0003743	Molecular_Functions	translation initiation factor activity	1697.3	0.17008566516493812
GO:0006096	Biological_Processes	glycolytic process	1656.6	0.1660071365770556
GO:0016655	Molecular_Functions	oxidoreductase activity, acting on NAD(P)H, quinone or similar compound as acceptor	1635.23	0.16386565854454826
GO:0051082	Molecular_Functions	unfolded protein binding	1614.95	0.16183340891893996
GO:0047134	Molecular_Functions	protein-disulfide reductase activity	1604.61	0.16079724219661304
GO:0050662	Molecular_Functions	coenzyme binding	1584.33	0.15876499257100476
GO:0030145	Molecular_Functions	manganese ion binding	1560.48	0.15637499486041515
GO:0010181	Molecular_Functions	FMN binding	1551.28	0.155453067022368
GO:0009228	Biological_Processes	thiamine biosynthetic process	1527.59	0.15307910283939657
GO:0008654	Biological_Processes	phospholipid biosynthetic process	1514.79	0.15179642062993967
GO:0043190	Cellular_Components	ATP-binding cassette (ABC) transporter complex	1509.85	0.15130138546472738
GO:0016620	Molecular_Functions	oxidoreductase activity, acting on the aldehyde or oxo group of donors, NAD or NADP as acceptor	1499.69	0.150283256460971
GO:0006364	Biological_Processes	rRNA processing	1462.51	0.1465574654806891
GO:0004129	Molecular_Functions	cytochrome-c oxidase activity	1457.4	0.1460453946923825
GO:0006396	Biological_Processes	RNA processing	1456.44	0.14594919352667324
GO:0015031	Biological_Processes	protein transport	1453.56	0.14566059002954543
GO:0015934	Cellular_Components	large ribosomal subunit	1451.5	0.14545415836146094
GO:0006782	Biological_Processes	protoporphyrinogen IX biosynthetic process	1447.13	0.14501624263838855
GO:0051213	Molecular_Functions	dioxygenase activity	1430.94	0.1433938500625208
GO:0003684	Molecular_Functions	damaged DNA binding	1418.51	0.142148245385681
GO:0016757	Molecular_Functions	transferase activity, transferring glycosyl groups	1416.71	0.14196786819997614
GO:0032784	Biological_Processes	regulation of DNA-templated transcription, elongation	1401.32	0.14042564326219942
GO:0070063	Molecular_Functions	RNA polymerase binding	1401.32	0.14042564326219942
GO:0006457	Biological_Processes	protein folding	1380.02	0.13829117989802503
GO:0009432	Biological_Processes	SOS response	1372.97	0.1375847025873476
GO:0016747	Molecular_Functions	transferase activity, transferring acyl groups other than amino-acyl groups	1365.34	0.13682010373905412
GO:0009245	Biological_Processes	lipid A biosynthetic process	1360.07	0.1362919994231293
GO:0019867	Cellular_Components	outer membrane	1358.07	0.13609158032790164
GO:0006541	Biological_Processes	glutamine metabolic process	1349.08	0.1351906964948534
GO:0042274	Biological_Processes	ribosomal small subunit biogenesis	1339.78	0.13425874770204488
GO:0030001	Biological_Processes	metal ion transport	1317.42	0.13201806221739984
GO:0006261	Biological_Processes	DNA-dependent DNA replication	1296.34	0.1299056449537005
GO:0006094	Biological_Processes	gluconeogenesis	1283.42	0.12861093759852996
GO:0000105	Biological_Processes	histidine biosynthetic process	1277.89	0.12805677880022553
GO:0031419	Molecular_Functions	cobalamin binding	1217.44	0.12199911164697005
GO:0004177	Molecular_Functions	aminopeptidase activity	1215.91	0.12184579103912091
GO:0016773	Molecular_Functions	phosphotransferase activity, alcohol group as acceptor	1198.56	0.1201071553880211
GO:0045261	Cellular_Components	proton-transporting ATP synthase complex, catalytic core F(1)	1194.7	0.11972034653423176
GO:0006807	Biological_Processes	nitrogen compound metabolic process	1178.82	0.11812901891812427
GO:0008484	Molecular_Functions	sulfuric ester hydrolase activity	1173.57	0.11760291879315173
GO:0015035	Molecular_Functions	protein disulfide oxidoreductase activity	1164.29	0.11667297419129546
GO:0006265	Biological_Processes	DNA topological change	1147.73	0.1150135040828106
GO:0017004	Biological_Processes	cytochrome complex assembly	1105.49	0.11078065279160279
GO:0006730	Biological_Processes	one-carbon metabolic process	1091.35	0.10936368978834336
GO:0051537	Molecular_Functions	2 iron, 2 sulfur cluster binding	1057.25	0.10594654421471209
GO:0009435	Biological_Processes	NAD biosynthetic process	1047.95	0.10501459542190356
GO:0030976	Molecular_Functions	thiamine pyrophosphate binding	1042.28	0.10444640728693318
GO:0008134	Molecular_Functions	transcription factor binding	1041.27	0.10434519564384323
GO:0004563	Molecular_Functions	beta-N-acetylhexosaminidase activity	1040.71	0.1042890782971795
GO:0006207	Biological_Processes	'de novo' pyrimidine nucleobase biosynthetic process	1038.8	0.10409767806123708
GO:0004553	Molecular_Functions	hydrolase activity, hydrolyzing O-glycosyl compounds	1038.52	0.10406961938790521
GO:0003697	Molecular_Functions	single-stranded DNA binding	1028.44	0.1030595071479579
GO:0046654	Biological_Processes	tetrahydrofolate biosynthetic process	1020.93	0.1023069334453781
GO:0016042	Biological_Processes	lipid catabolic process	1017.62	0.10197523984277637
GO:0015074	Biological_Processes	DNA integration	1012.83	0.10149523610970618
GO:0004386	Molecular_Functions	helicase activity	1009.91	0.10120262423067379
GO:0043022	Molecular_Functions	ribosome binding	1008.21	0.10103226799973032
GO:0055114	Biological_Processes	oxidation-reduction process	1003.47	0.10055727474404079
GO:0015937	Biological_Processes	coenzyme A biosynthetic process	993.376	0.09954575957042688
GO:0008610	Biological_Processes	lipid biosynthetic process	991.324	0.09934012957872333
GO:0015940	Biological_Processes	pantothenate biosynthetic process	980.548	0.09826027149363678
GO:0051920	Molecular_Functions	peroxiredoxin activity	960.738	0.096275120355407
GO:0008320	Molecular_Functions	protein transmembrane transporter activity	958.393	0.0960401289662526
GO:0033281	Cellular_Components	TAT protein transport complex	958.393	0.0960401289662526
GO:0043953	Biological_Processes	protein transport by the Tat complex	958.393	0.0960401289662526
GO:0008173	Molecular_Functions	RNA methyltransferase activity	955.547	0.09575493259374367
GO:0006284	Biological_Processes	base-excision repair	951.25	0.09532433216764707
GO:0015935	Cellular_Components	small ribosomal subunit	947.312	0.09492970696914385
GO:0009306	Biological_Processes	protein secretion	939.537	0.09415057773644639
GO:0009229	Biological_Processes	thiamine diphosphate biosynthetic process	938.451	0.09404175016773779
GO:0016209	Molecular_Functions	antioxidant activity	935.296	0.09372558904501617
GO:0008324	Molecular_Functions	cation transmembrane transporter activity	931.334	0.0933285588173702
GO:0008299	Biological_Processes	isoprenoid biosynthetic process	929.289	0.09312363029249995
GO:0009234	Biological_Processes	menaquinone biosynthetic process	919.615	0.09215420312888385
GO:0016790	Molecular_Functions	thiolester hydrolase activity	917.885	0.09198084061151195
GO:0006353	Biological_Processes	DNA-templated transcription, termination	913.6	0.09155144269998672
GO:0006298	Biological_Processes	mismatch repair	907.947	0.0909849581273258
GO:0030983	Molecular_Functions	mismatched DNA binding	907.947	0.0909849581273258
GO:0009097	Biological_Processes	isoleucine biosynthetic process	907.701	0.09096030657861279
GO:0008199	Molecular_Functions	ferric iron binding	903.346	0.0905238939987546
GO:0019464	Biological_Processes	glycine decarboxylation via glycine cleavage system	896.427	0.08983054413881457
GO:0006979	Biological_Processes	response to oxidative stress	895.561	0.089743762670581
GO:0044205	Biological_Processes	'de novo' UMP biosynthetic process	882.716	0.08845657103148148
GO:0006464	Biological_Processes	cellular protein modification process	881.634	0.08834814430096331
GO:0006289	Biological_Processes	nucleotide-excision repair	879.401	0.08812437638114165
GO:0009380	Cellular_Components	excinuclease repair complex	879.401	0.08812437638114165
GO:0003755	Molecular_Functions	peptidyl-prolyl cis-trans isomerase activity	873.626	0.08754566624367184
GO:0016805	Molecular_Functions	dipeptidase activity	870.231	0.08720545482952292
GO:0016779	Molecular_Functions	nucleotidyltransferase activity	868.626	0.08704461850560273
GO:0003918	Molecular_Functions	DNA topoisomerase type II (double strand cut, ATP-hydrolyzing) activity	863.554	0.08653635568010544
GO:0097367	Molecular_Functions	carbohydrate derivative binding	854.99	0.08567816111434068
GO:0009073	Biological_Processes	aromatic amino acid family biosynthetic process	850.164	0.08519454983755638
GO:0009423	Biological_Processes	chorismate biosynthetic process	850.164	0.08519454983755638
GO:0004181	Molecular_Functions	metallocarboxypeptidase activity	833.731	0.08354780634161846
GO:0002161	Molecular_Functions	aminoacyl-tRNA editing activity	826.531	0.08282629759879895
GO:0006629	Biological_Processes	lipid metabolic process	823.93	0.0825656525654554
GO:0035999	Biological_Processes	tetrahydrofolate interconversion	822.161	0.08238838187572656
GO:0009231	Biological_Processes	riboflavin biosynthetic process	820.535	0.08222544115130648
GO:0042834	Molecular_Functions	peptidoglycan binding	819.976	0.08216942401419035
GO:0030163	Biological_Processes	protein catabolic process	813.267	0.08149711815924925
GO:1990077	Cellular_Components	primosome complex	812.441	0.08141434507292021
GO:0015297	Molecular_Functions	antiporter activity	811.686	0.08133868686447178
GO:0019305	Biological_Processes	dTDP-rhamnose biosynthetic process	801.541	0.08032206100392958
GO:0004518	Molecular_Functions	nuclease activity	796.672	0.07983414071659788
GO:0009089	Biological_Processes	lysine biosynthetic process via diaminopimelate	789.737	0.07913918750389602
GO:0007059	Biological_Processes	chromosome segregation	774.046	0.07756679949228756
GO:0008616	Biological_Processes	queuosine biosynthetic process	773.199	0.07748192200545866
GO:0001522	Biological_Processes	pseudouridine synthesis	770.124	0.07717377764654616
GO:0009982	Molecular_Functions	pseudouridine synthase activity	770.124	0.07717377764654616
GO:0008408	Molecular_Functions	3'-5' exonuclease activity	759.646	0.07612378200664854
GO:0006879	Biological_Processes	cellular iron ion homeostasis	755.919	0.07575030102269184
GO:0016765	Molecular_Functions	transferase activity, transferring alkyl or aryl (other than methyl) groups	755.482	0.0757065094503846
GO:0047429	Molecular_Functions	nucleoside-triphosphate diphosphatase activity	742.422	0.0743977727585481
GO:0016639	Molecular_Functions	oxidoreductase activity, acting on the CH-NH2 group of donors, NAD or NADP as acceptor	738.49	0.07400374881733056
GO:0046873	Molecular_Functions	metal ion transmembrane transporter activity	728.033	0.07295585757793283
GO:0006526	Biological_Processes	arginine biosynthetic process	726.833	0.07283560612079625
GO:0005507	Molecular_Functions	copper ion binding	724.523	0.07260412206580831
GO:0070475	Biological_Processes	rRNA base methylation	722.316	0.07238295959422461
GO:0006662	Biological_Processes	glycerol ether metabolic process	719.627	0.07211349612069104
GO:0004565	Molecular_Functions	beta-galactosidase activity	703.614	0.07050884063475095
GO:0009341	Cellular_Components	beta-galactosidase complex	703.614	0.07050884063475095
GO:0016226	Biological_Processes	iron-sulfur cluster assembly	700.418	0.07018857092057716
GO:0006605	Biological_Processes	protein targeting	696.819	0.06982791675871503
GO:0065002	Biological_Processes	intracellular protein transmembrane transport	696.819	0.06982791675871503
GO:0016831	Molecular_Functions	carboxy-lyase activity	692.382	0.06938328699595249
GO:0019646	Biological_Processes	aerobic electron transport chain	687.667	0.06891079897895334
GO:0005509	Molecular_Functions	calcium ion binding	686.725	0.06881640158510112
GO:0045263	Cellular_Components	proton-transporting ATP synthase complex, coupling factor F(o)	685.177	0.06866127720539493
GO:0008658	Molecular_Functions	penicillin binding	683.936	0.06853691715680618
GO:0009166	Biological_Processes	nucleotide catabolic process	662.158	0.06635455362887238
GO:0004427	Molecular_Functions	inorganic diphosphatase activity	646.465	0.0647819651981687
GO:0042254	Biological_Processes	ribosome biogenesis	640.646	0.06419884584060387
GO:0009307	Biological_Processes	DNA restriction-modification system	639.764	0.06411046101960848
GO:0031564	Biological_Processes	transcription antitermination	638.416	0.06397537854942506
GO:0004180	Molecular_Functions	carboxypeptidase activity	633.895	0.06352233118466295
GO:0070008	Molecular_Functions	serine-type exopeptidase activity	629.099	0.06304172619430709
GO:0003857	Molecular_Functions	3-hydroxyacyl-CoA dehydrogenase activity	627.094	0.06284080605134137
GO:0002949	Biological_Processes	tRNA threonylcarbamoyladenosine modification	626.203	0.06275151934441744
GO:0004109	Molecular_Functions	coproporphyrinogen oxidase activity	624.197	0.06255049899190412
GO:0006535	Biological_Processes	cysteine biosynthetic process from serine	624.098	0.06254057824669035
GO:0003995	Molecular_Functions	acyl-CoA dehydrogenase activity	622.356	0.062366013214747086
GO:0009102	Biological_Processes	biotin biosynthetic process	614.734	0.06160221604283454
GO:0004521	Molecular_Functions	endoribonuclease activity	612.199	0.0613481848396335
GO:0008831	Molecular_Functions	dTDP-4-dehydrorhamnose reductase activity	608.694	0.06099695037524706
GO:0004315	Molecular_Functions	3-oxoacyl-acyl-carrier-protein synthase activity	606.178	0.060744823153450686
GO:0006865	Biological_Processes	amino acid transport	604.468	0.06057346482703105
GO:0042626	Molecular_Functions	ATPase-coupled transmembrane transporter activity	596.654	0.05979042742197666
GO:0009099	Biological_Processes	valine biosynthetic process	594.816	0.05960624227346246
GO:0004601	Molecular_Functions	peroxidase activity	588.217	0.05894495946875885
GO:0044208	Biological_Processes	'de novo' AMP biosynthetic process	583.889	0.05851125254668624
GO:0070469	Cellular_Components	respirasome	583.442	0.058466458878902866
GO:0070814	Biological_Processes	hydrogen sulfide biosynthetic process	582.477	0.05836975666545552
GO:0000179	Molecular_Functions	rRNA (adenine-N6,N6-)-dimethyltransferase activity	580.99	0.05822074506815377
GO:0009037	Molecular_Functions	tyrosine-based site-specific recombinase activity	580.221	0.05814368392603874
GO:0003899	Molecular_Functions	DNA-directed 5'-3' RNA polymerase activity	561.258	0.056243410274637855
GO:0006351	Biological_Processes	transcription, DNA-templated	561.258	0.056243410274637855
GO:0042450	Biological_Processes	arginine biosynthetic process via ornithine	560.191	0.05613648668733391
GO:0003951	Molecular_Functions	NAD+ kinase activity	556.775	0.055794170872685095
GO:0004019	Molecular_Functions	adenylosuccinate synthase activity	555.639	0.0556803328265958
GO:0003896	Molecular_Functions	DNA primase activity	553.541	0.05547009319570201
GO:0008889	Molecular_Functions	glycerophosphodiester phosphodiesterase activity	545.246	0.054638854998245355
GO:0006400	Biological_Processes	tRNA modification	544.458	0.05455988987472566
GO:0043952	Biological_Processes	protein transport by the Sec complex	542.853	0.05439905355080549
GO:0008239	Molecular_Functions	dipeptidyl-peptidase activity	537.015	0.05381403021183599
GO:0003934	Molecular_Functions	GTP cyclohydrolase I activity	536.611	0.05377354555460001
GO:0035998	Biological_Processes	7,8-dihydroneopterin 3'-triphosphate biosynthetic process	536.611	0.05377354555460001
GO:0009086	Biological_Processes	methionine biosynthetic process	534.906	0.05360268827591844
GO:0006796	Biological_Processes	phosphate-containing compound metabolic process	530.337	0.0531448308528709
GO:0008615	Biological_Processes	pyridoxine biosynthetic process	529.35	0.053045924029376065
GO:0009295	Cellular_Components	nucleoid	528.19	0.052929680954144034
GO:0102955	Molecular_Functions	S-adenosylmethionine:2-demethylmenaquinol-7 methyltransferase activity	527.671	0.052877672198932454
GO:0004072	Molecular_Functions	aspartate kinase activity	526.323	0.052742589728749026
GO:0004412	Molecular_Functions	homoserine dehydrogenase activity	526.323	0.052742589728749026
GO:0009067	Biological_Processes	aspartate family amino acid biosynthetic process	526.323	0.052742589728749026
GO:0016407	Molecular_Functions	acetyltransferase activity	525.117	0.05262173701432676
GO:0004560	Molecular_Functions	alpha-L-fucosidase activity	524.505	0.0525604087711871
GO:0019441	Biological_Processes	tryptophan catabolic process to kynurenine	523.781	0.052487857058714685
GO:0003964	Molecular_Functions	RNA-directed DNA polymerase activity	523.665	0.05247623275119148
GO:0009396	Biological_Processes	folic acid-containing compound biosynthetic process	521.909	0.05230026478558161
GO:0009253	Biological_Processes	peptidoglycan catabolic process	521.673	0.05227661533234476
GO:0008641	Molecular_Functions	ubiquitin-like modifier activating enzyme activity	521.33	0.05224224345751322
GO:0009072	Biological_Processes	aromatic amino acid family metabolic process	518.759	0.051984604710598084
GO:0009098	Biological_Processes	leucine biosynthetic process	518.142	0.05192277541972037
GO:0008218	Biological_Processes	bioluminescence	507.007	0.05080694210704047
GO:0004826	Molecular_Functions	phenylalanine-tRNA ligase activity	503.987	0.05050430927324673
GO:0006432	Biological_Processes	phenylalanyl-tRNA aminoacylation	503.987	0.05050430927324673
GO:0004523	Molecular_Functions	RNA-DNA hybrid ribonuclease activity	499.836	0.050088339441101755
GO:0004602	Molecular_Functions	glutathione peroxidase activity	498.934	0.049997950429154094
GO:0008963	Molecular_Functions	phospho-N-acetylmuramoyl-pentapeptide-transferase activity	497.604	0.0498646717308277
GO:0004609	Molecular_Functions	phosphatidylserine decarboxylase activity	497.518	0.049856053709732916
GO:0019104	Molecular_Functions	DNA N-glycosylase activity	495.874	0.0496913092134558
GO:0019556	Biological_Processes	histidine catabolic process to glutamate and formamide	492.477	0.049350897380211645
GO:0019557	Biological_Processes	histidine catabolic process to glutamate and formate	492.477	0.049350897380211645
GO:0015450	Molecular_Functions	P-P-bond-hydrolysis-driven protein transmembrane transporter activity	490.704	0.049173225852292335
GO:0006857	Biological_Processes	oligopeptide transport	490.379	0.04914065774931785
GO:1904680	Molecular_Functions	peptide transmembrane transporter activity	490.379	0.04914065774931785
GO:0022904	Biological_Processes	respiratory electron transport chain	488.706	0.04897300717615993
GO:0016462	Molecular_Functions	pyrophosphatase activity	488.431	0.04894544955056612
GO:0042158	Biological_Processes	lipoprotein biosynthetic process	480.67	0.04816772325153526
GO:0004832	Molecular_Functions	valine-tRNA ligase activity	480.448	0.04814547673196499
GO:0006438	Biological_Processes	valyl-tRNA aminoacylation	480.448	0.04814547673196499
GO:0000917	Biological_Processes	division septum assembly	478.969	0.04799726681104415
GO:0009060	Biological_Processes	aerobic respiration	477.248	0.04782480617960077
GO:0006044	Biological_Processes	N-acetylglucosamine metabolic process	475.084	0.04760795271856446
GO:0006012	Biological_Processes	galactose metabolic process	474.329	0.04753229451011602
GO:0006177	Biological_Processes	GMP biosynthetic process	473.654	0.047464653065476696
GO:0009381	Molecular_Functions	excinuclease ABC activity	472.288	0.047327766823436215
GO:0033818	Molecular_Functions	beta-ketoacyl-acyl-carrier-protein synthase III activity	470.945	0.04719318540099086
GO:0004784	Molecular_Functions	superoxide dismutase activity	469.54	0.04705239098659344
GO:0006741	Biological_Processes	NADP biosynthetic process	468.267	0.04692482423248104
GO:0019674	Biological_Processes	NAD metabolic process	468.267	0.04692482423248104
GO:0016705	Molecular_Functions	oxidoreductase activity, acting on paired donors, with incorporation or reduction of molecular oxygen	468.097	0.04690778860938669
GO:0006269	Biological_Processes	DNA replication, synthesis of RNA primer	462.768	0.046373771930152644
GO:0015655	Molecular_Functions	alanine:sodium symporter activity	462.128	0.0463096378196798
GO:0016832	Molecular_Functions	aldehyde-lyase activity	461.949	0.04629170031065692
GO:0015095	Molecular_Functions	magnesium ion transmembrane transporter activity	460.764	0.046172951996734546
GO:0005247	Molecular_Functions	voltage-gated chloride channel activity	456.988	0.04579456074494476
GO:0016616	Molecular_Functions	oxidoreductase activity, acting on the CH-OH group of donors, NAD or NADP as acceptor	456.916	0.04578734565751656
GO:0008094	Molecular_Functions	DNA-dependent ATPase activity	455.276	0.045623001999429896
GO:0004731	Molecular_Functions	purine-nucleoside phosphorylase activity	454.529	0.04554814546736237
GO:0008381	Molecular_Functions	mechanosensitive ion channel activity	454.452	0.04554042933219611
GO:0030288	Cellular_Components	outer membrane-bounded periplasmic space	452.566	0.04535143412539644
GO:0045910	Biological_Processes	negative regulation of DNA recombination	450.574	0.04515181670654971
GO:0004852	Molecular_Functions	uroporphyrinogen-III synthase activity	449.668	0.045061026856411585
GO:0006780	Biological_Processes	uroporphyrinogen III biosynthetic process	449.668	0.045061026856411585
GO:0006631	Biological_Processes	fatty acid metabolic process	447.796	0.04487343458327851
GO:0004781	Molecular_Functions	sulfate adenylyltransferase (ATP) activity	445.65	0.044658384894099255
GO:0000162	Biological_Processes	tryptophan biosynthetic process	441.706	0.04426315843831035
GO:0070403	Molecular_Functions	NAD+ binding	440.275	0.04411975857567497
GO:0004834	Molecular_Functions	tryptophan synthase activity	439.675	0.04405963284710668
GO:0009378	Molecular_Functions	four-way junction helicase activity	439.307	0.044022755733584794
GO:0006164	Biological_Processes	purine nucleotide biosynthetic process	438.458	0.04393767782766066
GO:0006614	Biological_Processes	SRP-dependent cotranslational protein targeting to membrane	436.716	0.04376311279571738
GO:0008271	Molecular_Functions	secondary active sulfate transmembrane transporter activity	435.02	0.04359315740296434
GO:0006537	Biological_Processes	glutamate biosynthetic process	432.836	0.04337429975097576
GO:0006220	Biological_Processes	pyrimidine nucleotide metabolic process	429.056	0.04299550766099551
GO:0019354	Biological_Processes	siroheme biosynthetic process	429.009	0.04299079781225767
GO:0015293	Molecular_Functions	symporter activity	428.367	0.04292646328268959
GO:0006424	Biological_Processes	glutamyl-tRNA aminoacylation	427.947	0.04288437527269179
GO:0070043	Molecular_Functions	rRNA (guanine-N7-)-methyltransferase activity	424.29	0.04251790895706804
GO:0043165	Biological_Processes	Gram-negative-bacterium-type cell outer membrane assembly	423.584	0.042447161016452684
GO:0045892	Biological_Processes	negative regulation of transcription, DNA-templated	422.915	0.04238012082909904
GO:0001682	Biological_Processes	tRNA 5'-leader removal	421.7	0.04225836622874825
GO:0004526	Molecular_Functions	ribonuclease P activity	421.7	0.04225836622874825
GO:0008113	Molecular_Functions	peptide-methionine (S)-S-oxide reductase activity	419.205	0.04200834340745176
GO:0004324	Molecular_Functions	ferredoxin-NADP+ reductase activity	417.889	0.04187646764279198
GO:0004061	Molecular_Functions	arylformamidase activity	417.01	0.04178838345043943
GO:0005694	Cellular_Components	chromosome	416.711	0.0417584207957029
GO:0006006	Biological_Processes	glucose metabolic process	410.988	0.041184921554709
GO:0016430	Molecular_Functions	tRNA (adenine-N6-)-methyltransferase activity	410.925	0.04117860835320933
GO:1901135	Biological_Processes	carbohydrate derivative metabolic process	410.013	0.041087217245785526
GO:0003796	Molecular_Functions	lysozyme activity	406.699	0.04075512280499333
GO:0016998	Biological_Processes	cell wall macromolecule catabolic process	406.699	0.04075512280499333
GO:0071424	Molecular_Functions	rRNA (cytosine-N4-)-methyltransferase activity	406.031	0.04068818282718729
GO:0004748	Molecular_Functions	ribonucleoside-diphosphate reductase activity, thioredoxin disulfide as acceptor	405.762	0.04066122645887917
GO:0008915	Molecular_Functions	lipid-A-disaccharide synthase activity	405.101	0.04059498794790643
GO:0003908	Molecular_Functions	methylated-DNA-protein-cysteine S-methyltransferase activity	404.11	0.040495680286221136
GO:0006307	Biological_Processes	DNA dealkylation involved in DNA repair	404.11	0.040495680286221136
GO:0044209	Biological_Processes	AMP salvage	403.333	0.0404178174677252
GO:0102148	Molecular_Functions	N-acetyl-beta-D-galactosaminidase activity	402.337	0.04031800875830183
GO:0015299	Molecular_Functions	solute:proton antiporter activity	399.568	0.040040528520959164
GO:0009103	Biological_Processes	lipopolysaccharide biosynthetic process	398.265	0.039909955480418355
GO:0004590	Molecular_Functions	orotidine-5'-phosphate decarboxylase activity	394.467	0.03952935961858106
GO:0004739	Molecular_Functions	pyruvate dehydrogenase (acetyl-transferring) activity	394.284	0.039511021271367734
GO:0070180	Molecular_Functions	large ribosomal subunit rRNA binding	392.369	0.03931911998768727
GO:0004791	Molecular_Functions	thioredoxin-disulfide reductase activity	392.172	0.03929937870680735
GO:0019430	Biological_Processes	removal of superoxide radicals	392.172	0.03929937870680735
GO:0007155	Biological_Processes	cell adhesion	391.245	0.03920648445616933
GO:0016410	Molecular_Functions	N-acyltransferase activity	390.427	0.03912451304622123
GO:0003861	Molecular_Functions	3-isopropylmalate dehydratase activity	390.031	0.03908483006536616
GO:0000103	Biological_Processes	sulfate assimilation	387.985	0.03887980133094828
GO:0004020	Molecular_Functions	adenylylsulfate kinase activity	387.985	0.03887980133094828
GO:0008821	Molecular_Functions	crossover junction endodeoxyribonuclease activity	384.374	0.038517944654514774
GO:0009360	Cellular_Components	DNA polymerase III complex	382.548	0.03833496202057193
GO:0044210	Biological_Processes	'de novo' CTP biosynthetic process	382.264	0.038306502509049614
GO:0004347	Molecular_Functions	glucose-6-phosphate isomerase activity	382.101	0.038290168352788555
GO:0009249	Biological_Processes	protein lipoylation	381.04	0.03818384602277029
GO:0004644	Molecular_Functions	phosphoribosylglycinamide formyltransferase activity	379.032	0.03798262525116174
GO:0019206	Molecular_Functions	nucleoside kinase activity	378.006	0.03787981025530996
GO:0070929	Biological_Processes	trans-translation	377.285	0.0378075591714804
GO:0006725	Biological_Processes	cellular aromatic compound metabolic process	376.964	0.037775391906696355
GO:0044238	Biological_Processes	primary metabolic process	374.771	0.037555632368779256
GO:0047474	Molecular_Functions	long-chain fatty acid luciferin component ligase activity	372.019	0.03727985569374601
GO:0048500	Cellular_Components	signal recognition particle	369.152	0.03699255492073719
GO:0004375	Molecular_Functions	glycine dehydrogenase (decarboxylating) activity	368.913	0.036968604838857486
GO:0004828	Molecular_Functions	serine-tRNA ligase activity	368.6	0.03693723925045436
GO:0006434	Biological_Processes	seryl-tRNA aminoacylation	368.6	0.03693723925045436
GO:0004639	Molecular_Functions	phosphoribosylaminoimidazolesuccinocarboxamide synthase activity	368.424	0.03691960237007433
GO:0016872	Molecular_Functions	intramolecular lyase activity	368.224	0.03689956046055156
GO:0008152	Biological_Processes	metabolic process	362.461	0.036322052837653114
GO:0017013	Biological_Processes	protein flavinylation	362.446	0.03632054969443891
GO:0003848	Molecular_Functions	2-amino-4-hydroxy-6-hydroxymethyldihydropteridine diphosphokinase activity	362.123	0.036288182010559646
GO:0002100	Biological_Processes	tRNA wobble adenosine to inosine editing	361.994	0.03627525497891746
GO:0004146	Molecular_Functions	dihydrofolate reductase activity	358.86	0.03596119825669575
GO:0006545	Biological_Processes	glycine biosynthetic process	358.86	0.03596119825669575
GO:0000150	Molecular_Functions	recombinase activity	357.1	0.03578482945289543
GO:0008033	Biological_Processes	tRNA processing	356.701	0.03574484584339751
GO:0003984	Molecular_Functions	acetolactate synthase activity	356.545	0.035729213153969756
GO:0003991	Molecular_Functions	acetylglutamate kinase activity	356.435	0.035718190103732235
GO:0003942	Molecular_Functions	N-acetyl-gamma-glutamyl-phosphate reductase activity	356.081	0.03568271592387694
GO:0005337	Molecular_Functions	nucleoside transmembrane transporter activity	356.046	0.03567920858971045
GO:0004594	Molecular_Functions	pantothenate kinase activity	355.007	0.035575090869739694
GO:0006826	Biological_Processes	iron ion transport	354.106	0.035484802067339644
GO:0004641	Molecular_Functions	phosphoribosylformylglycinamidine cyclo-ligase activity	350.913	0.03516483298180872
GO:0006402	Biological_Processes	mRNA catabolic process	344.986	0.034570890993101594
GO:0019538	Biological_Processes	protein metabolic process	342.256	0.03429731892811586
GO:0071897	Biological_Processes	DNA biosynthetic process	339.436	0.03401472800384489
GO:0042777	Biological_Processes	plasma membrane ATP synthesis coupled proton transport	335.827	0.03365307174650661
GO:0006085	Biological_Processes	acetyl-CoA biosynthetic process	335.11	0.0335812215008675
GO:0008661	Molecular_Functions	1-deoxy-D-xylulose-5-phosphate synthase activity	333.65	0.033434915561351315
GO:0016114	Biological_Processes	terpenoid biosynthetic process	333.65	0.033434915561351315
GO:0052865	Biological_Processes	1-deoxy-D-xylulose 5-phosphate biosynthetic process	333.65	0.033434915561351315
GO:0004047	Molecular_Functions	aminomethyltransferase activity	331.538	0.03322327299679093
GO:0006813	Biological_Processes	potassium ion transport	329.623	0.03303137171311046
GO:0031119	Biological_Processes	tRNA pseudouridine synthesis	327.904	0.03285911150076231
GO:0106029	Molecular_Functions	tRNA pseudouridine synthase activity	327.904	0.03285911150076231
GO:0004018	Molecular_Functions	N6-(1,2-dicarboxyethyl)AMP AMP-lyase (fumarate-forming) activity	327.329	0.03280149101088436
GO:0070626	Molecular_Functions	(S)-2-(5-amino-1-(5-phospho-D-ribosyl)imidazole-4-carboxamido)succinate AMP-lyase (fumarate-forming) activity	327.329	0.03280149101088436
GO:0030955	Molecular_Functions	potassium ion binding	327.209	0.0327894658651707
GO:0004418	Molecular_Functions	hydroxymethylbilane synthase activity	326.459	0.032714308704460335
GO:0018160	Biological_Processes	peptidyl-pyrromethane cofactor linkage	326.459	0.032714308704460335
GO:0003724	Molecular_Functions	RNA helicase activity	325.728	0.03264105552515464
GO:0048037	Molecular_Functions	cofactor binding	324.57	0.03252501286901783
GO:0006086	Biological_Processes	acetyl-CoA biosynthetic process from pyruvate	324.272	0.03249515042382891
GO:0043231	Cellular_Components	intracellular membrane-bounded organelle	324.272	0.03249515042382891
GO:0015221	Molecular_Functions	lipopolysaccharide transmembrane transporter activity	322.487	0.032316276381338244
GO:0000967	Biological_Processes	rRNA 5'-end processing	320.885	0.0321557406860609
GO:0004497	Molecular_Functions	monooxygenase activity	320.834	0.032150629999132596
GO:0006401	Biological_Processes	RNA catabolic process	320.457	0.03211285099968218
GO:0006282	Biological_Processes	regulation of DNA repair	320.407	0.03210784052230149
GO:0015379	Molecular_Functions	potassium:chloride symporter activity	320.31	0.03209812019618295
GO:0008686	Molecular_Functions	3,4-dihydroxy-2-butanone-4-phosphate synthase activity	320.302	0.03209731851980204
GO:0071266	Biological_Processes	'de novo' L-methionine biosynthetic process	319.851	0.03205212401382821
GO:0009082	Biological_Processes	branched-chain amino acid biosynthetic process	319.794	0.03204641206961422
GO:0004372	Molecular_Functions	glycine hydroxymethyltransferase activity	319.777	0.03204470850730479
GO:0019264	Biological_Processes	glycine biosynthetic process from serine	319.777	0.03204470850730479
GO:0005618	Cellular_Components	cell wall	319.74	0.03204100075404308
GO:0004452	Molecular_Functions	isopentenyl-diphosphate delta-isomerase activity	319.138	0.03198067460637956
GO:0008770	Molecular_Functions	acyl-carrier-protein phosphodiesterase activity	317.336	0.03180009700157945
GO:0002935	Molecular_Functions	tRNA (adenine-C2-)-methyltransferase activity	316.285	0.03169477676703733
GO:0070040	Molecular_Functions	rRNA (adenine-C2-)-methyltransferase activity	316.285	0.03169477676703733
GO:0016855	Molecular_Functions	racemase and epimerase activity, acting on amino acids and derivatives	316.07	0.03167323171430035
GO:0004820	Molecular_Functions	glycine-tRNA ligase activity	315.665	0.03163264684751676
GO:0006426	Biological_Processes	glycyl-tRNA aminoacylation	315.665	0.03163264684751676
GO:0008836	Molecular_Functions	diaminopimelate decarboxylase activity	313.245	0.03139013974229131
GO:0008677	Molecular_Functions	2-dehydropantoate 2-reductase activity	312.4	0.03130546267455763
GO:0004816	Molecular_Functions	asparagine-tRNA ligase activity	312.058	0.031271191009273704
GO:0006421	Biological_Processes	asparaginyl-tRNA aminoacylation	312.058	0.031271191009273704
GO:0043023	Molecular_Functions	ribosomal large subunit binding	310.148	0.031079790773331308
GO:0004089	Molecular_Functions	carbonate dehydratase activity	309.203	0.03098509275083624
GO:0015976	Biological_Processes	carbon utilization	309.203	0.03098509275083624
GO:0006144	Biological_Processes	purine nucleobase metabolic process	309.056	0.03097036194733701
GO:0033971	Molecular_Functions	hydroxyisourate hydrolase activity	309.056	0.03097036194733701
GO:0032196	Biological_Processes	transposition	308.174	0.03088197712634162
GO:0009029	Molecular_Functions	tetraacyldisaccharide 4'-kinase activity	306.84	0.030748297589824784
GO:0006527	Biological_Processes	arginine catabolic process	305.534	0.030617423920641134
GO:0008295	Biological_Processes	spermidine biosynthetic process	305.534	0.030617423920641134
GO:0008792	Molecular_Functions	arginine decarboxylase activity	305.534	0.030617423920641134
GO:0004314	Molecular_Functions	acyl-carrier-protein S-malonyltransferase activity	305.274	0.030591369438261542
GO:0045226	Biological_Processes	extracellular polysaccharide biosynthetic process	304.812	0.03054507262726396
GO:0001216	Molecular_Functions	DNA-binding transcription activator activity	302.416	0.030304970551181244
GO:0008379	Molecular_Functions	thioredoxin peroxidase activity	302.172	0.030280519421563474
GO:0019835	Biological_Processes	cytolysis	301.975	0.03026077814068355
GO:0004151	Molecular_Functions	dihydroorotase activity	301.154	0.0301785061020926
GO:0071949	Molecular_Functions	FAD binding	299.957	0.030058555273598856
GO:0008410	Molecular_Functions	CoA-transferase activity	299.526	0.030015364958577304
GO:0004830	Molecular_Functions	tryptophan-tRNA ligase activity	298.342	0.029896716854202535
GO:0006436	Biological_Processes	tryptophanyl-tRNA aminoacylation	298.342	0.029896716854202535
GO:0004067	Molecular_Functions	asparaginase activity	297.764	0.029838795735681746
GO:0004789	Molecular_Functions	thiamine-phosphate diphosphorylase activity	296.587	0.02972084909814028
GO:0008171	Molecular_Functions	O-methyltransferase activity	295.916	0.029653608491691408
GO:0032153	Cellular_Components	cell division site	295.442	0.029606109166122458
GO:0043093	Biological_Processes	FtsZ-dependent cytokinesis	295.442	0.029606109166122458
GO:0004612	Molecular_Functions	phosphoenolpyruvate carboxykinase (ATP) activity	295.127	0.0295745431586241
GO:0016153	Molecular_Functions	urocanate hydratase activity	295.016	0.02956341989883897
GO:0016603	Molecular_Functions	glutaminyl-peptide cyclotransferase activity	294.629	0.02952463880391242
GO:0017186	Biological_Processes	peptidyl-pyroglutamic acid biosynthetic process, using glutaminyl-peptide cyclotransferase	294.629	0.02952463880391242
GO:0008883	Molecular_Functions	glutamyl-tRNA reductase activity	294.325	0.029494175101437817
GO:0009408	Biological_Processes	response to heat	292.955	0.029356888021206885
GO:0016051	Biological_Processes	carbohydrate biosynthetic process	292.03	0.029264194189664097
GO:0042132	Molecular_Functions	fructose 1,6-bisphosphate 1-phosphatase activity	292.03	0.029264194189664097
GO:0005960	Cellular_Components	glycine cleavage complex	291.4	0.029201062174667388
GO:0016783	Molecular_Functions	sulfurtransferase activity	291.289	0.02918993891488226
GO:0004665	Molecular_Functions	prephenate dehydrogenase (NADP+) activity	288.913	0.028951841029751818
GO:0006571	Biological_Processes	tyrosine biosynthetic process	288.913	0.028951841029751818
GO:0008977	Molecular_Functions	prephenate dehydrogenase (NAD+) activity	288.913	0.028951841029751818
GO:0004591	Molecular_Functions	oxoglutarate dehydrogenase (succinyl-transferring) activity	287.87	0.02884732247159061
GO:0071470	Biological_Processes	cellular response to osmotic stress	287.754	0.028835698164067405
GO:0004367	Molecular_Functions	glycerol-3-phosphate dehydrogenase NAD+ activity	286.986	0.028758737231499985
GO:0006650	Biological_Processes	glycerophospholipid metabolic process	286.986	0.028758737231499985
GO:0009331	Cellular_Components	glycerol-3-phosphate dehydrogenase complex	286.986	0.028758737231499985
GO:0046168	Biological_Processes	glycerol-3-phosphate catabolic process	286.986	0.028758737231499985
GO:0047952	Molecular_Functions	glycerol-3-phosphate dehydrogenase NAD(P)+ activity	286.986	0.028758737231499985
GO:0004824	Molecular_Functions	lysine-tRNA ligase activity	286.38	0.028698010245646013
GO:0006430	Biological_Processes	lysyl-tRNA aminoacylation	286.38	0.028698010245646013
GO:0004618	Molecular_Functions	phosphoglycerate kinase activity	284.968	0.028556514364415298
GO:0000725	Biological_Processes	recombinational repair	284.343	0.02849388339715666
GO:0004592	Molecular_Functions	pantoate-beta-alanine ligase activity	283.632	0.028422634408803233
GO:0008703	Molecular_Functions	5-amino-6-(5-phosphoribosylamino)uracil reductase activity	283.092	0.028368521253091767
GO:0006790	Biological_Processes	sulfur compound metabolic process	283.065	0.028365815595306192
GO:0008441	Molecular_Functions	3'(2'),5'-bisphosphate nucleotidase activity	283.065	0.028365815595306192
GO:0046854	Biological_Processes	phosphatidylinositol phosphorylation	283.065	0.028365815595306192
GO:0016813	Molecular_Functions	hydrolase activity, acting on carbon-nitrogen (but not peptide) bonds, in linear amidines	282.075	0.02826660814316851
GO:0004659	Molecular_Functions	prenyltransferase activity	280.457	0.028104469095129352
GO:0008676	Molecular_Functions	3-deoxy-8-phosphooctulonate synthase activity	280.264	0.028085128652439888
GO:0006637	Biological_Processes	acyl-CoA metabolic process	279.416	0.028000150956063365
GO:0034784	Molecular_Functions	pivalyl-CoA mutase activity	279.416	0.028000150956063365
GO:0047727	Molecular_Functions	isobutyryl-CoA mutase activity	279.416	0.028000150956063365
GO:0008177	Molecular_Functions	succinate dehydrogenase (ubiquinone) activity	279.103	0.02796878536766024
GO:0008734	Molecular_Functions	L-aspartate oxidase activity	278.618	0.027920183737067533
GO:0044318	Molecular_Functions	L-aspartate:fumarate oxidoreductase activity	278.618	0.027920183737067533
GO:0000062	Molecular_Functions	fatty-acyl-CoA binding	278.382	0.027896534283830675
GO:0008448	Molecular_Functions	N-acetylglucosamine-6-phosphate deacetylase activity	277.42	0.02780013269902618
GO:0009276	Cellular_Components	Gram-negative-bacterium-type cell wall	276.469	0.02770483341924543
GO:0016052	Biological_Processes	carbohydrate catabolic process	275.886	0.02764641125298658
GO:0000036	Molecular_Functions	acyl carrier activity	275.063	0.0275639387953004
GO:0003994	Molecular_Functions	aconitate hydratase activity	274.604	0.027517942612945656
GO:0000716	Biological_Processes	transcription-coupled nucleotide-excision repair, DNA damage recognition	274.596	0.02751714093656475
GO:0008312	Molecular_Functions	7S RNA binding	274.189	0.027476355650685923
GO:0004827	Molecular_Functions	proline-tRNA ligase activity	274.126	0.02747004244918625
GO:0006433	Biological_Processes	prolyl-tRNA aminoacylation	274.126	0.02747004244918625
GO:0004127	Molecular_Functions	cytidylate kinase activity	274.07	0.027464430714519875
GO:0016857	Molecular_Functions	racemase and epimerase activity, acting on carbohydrates and derivatives	273.543	0.027411620282927398
GO:0017148	Biological_Processes	negative regulation of translation	273.174	0.027374642959857892
GO:0042256	Biological_Processes	mature ribosome assembly	273.174	0.027374642959857892
GO:0090071	Biological_Processes	negative regulation of ribosome biogenesis	273.174	0.027374642959857892
GO:0004310	Molecular_Functions	farnesyl-diphosphate farnesyltransferase activity	272.435	0.027300588104171283
GO:0006696	Biological_Processes	ergosterol biosynthetic process	272.435	0.027300588104171283
GO:0051996	Molecular_Functions	squalene synthase activity	272.435	0.027300588104171283
GO:0004775	Molecular_Functions	succinate-CoA ligase (ADP-forming) activity	272.136	0.027270625449434753
GO:0006308	Biological_Processes	DNA catabolic process	270.407	0.02709736314161045
GO:0004648	Molecular_Functions	O-phospho-L-serine:2-oxoglutarate aminotransferase activity	270.008	0.027057379532112534
GO:0006564	Biological_Processes	L-serine biosynthetic process	270.008	0.027057379532112534
GO:0000015	Cellular_Components	phosphopyruvate hydratase complex	268.823	0.026938631218190158
GO:0004634	Molecular_Functions	phosphopyruvate hydratase activity	268.823	0.026938631218190158
GO:0005576	Cellular_Components	extracellular region	268.823	0.026938631218190158
GO:0009986	Cellular_Components	cell surface	268.823	0.026938631218190158
GO:0052717	Molecular_Functions	tRNA-specific adenosine-34 deaminase activity	268.609	0.0269171863750008
GO:0008897	Molecular_Functions	holo-acyl-carrier-protein synthase activity	268.529	0.026909169611191698
GO:0050421	Molecular_Functions	nitrite reductase (NO-forming) activity	268.35	0.026891232102168823
GO:0004735	Molecular_Functions	pyrroline-5-carboxylate reductase activity	268.226	0.026878806118264705
GO:0055129	Biological_Processes	L-proline biosynthetic process	268.226	0.026878806118264705
GO:0015159	Molecular_Functions	polysaccharide transmembrane transporter activity	267.453	0.02680134413795922
GO:0015087	Molecular_Functions	cobalt ion transmembrane transporter activity	265.352	0.026590803878422588
GO:0051992	Molecular_Functions	UDP-N-acetylmuramoyl-L-alanyl-D-glutamyl-meso-2,6-diaminopimelyl-D-alanyl-D-alanine:undecaprenyl-phosphate transferase activity	263.924	0.02644770464443005
GO:0046914	Molecular_Functions	transition metal ion binding	262.816	0.026336672465673935
GO:0003989	Molecular_Functions	acetyl-CoA carboxylase activity	262.291	0.02628406245317668
GO:0009317	Cellular_Components	acetyl-CoA carboxylase complex	262.291	0.02628406245317668
GO:0003938	Molecular_Functions	IMP dehydrogenase activity	261.934	0.026248287644678552
GO:0019877	Biological_Processes	diaminopimelate biosynthetic process	261.8	0.026234859565298297
GO:0008659	Molecular_Functions	(3R)-hydroxymyristoyl-acyl-carrier-protein dehydratase activity	260.685	0.026123125919708886
GO:0008759	Molecular_Functions	UDP-3-O-3-hydroxymyristoyl N-acetylglucosamine deacetylase activity	260.685	0.026123125919708886
GO:0047451	Molecular_Functions	3-hydroxyoctanoyl-acyl-carrier-protein dehydratase activity	260.685	0.026123125919708886
GO:0103117	Molecular_Functions	UDP-3-O-acyl-N-acetylglucosamine deacetylase activity	260.685	0.026123125919708886
GO:0009088	Biological_Processes	threonine biosynthetic process	259.54	0.026008385987691066
GO:0004733	Molecular_Functions	pyridoxamine-phosphate oxidase activity	259.342	0.025988544497263524
GO:0004801	Molecular_Functions	sedoheptulose-7-phosphate:D-glyceraldehyde-3-phosphate glyceronetransferase activity	258.917	0.025945955439527647
GO:0006098	Biological_Processes	pentose-phosphate shunt	258.917	0.025945955439527647
GO:0016715	Molecular_Functions	oxidoreductase activity, acting on paired donors, with incorporation or reduction of molecular oxygen, reduced ascorbate as one donor, and incorporation of one atom of oxygen	258.503	0.025904468686815528
GO:0003856	Molecular_Functions	3-dehydroquinate synthase activity	258.488	0.025902965543601324
GO:0015093	Molecular_Functions	ferrous iron transmembrane transporter activity	258.343	0.025888435159197316
GO:0055072	Biological_Processes	iron ion homeostasis	258.343	0.025888435159197316
GO:0008725	Molecular_Functions	DNA-3-methyladenine glycosylase activity	258.083	0.025862380676817724
GO:0004068	Molecular_Functions	aspartate 1-decarboxylase activity	257.251	0.025779006333203024
GO:0006523	Biological_Processes	alanine biosynthetic process	257.251	0.025779006333203024
GO:0004077	Molecular_Functions	biotin-acetyl-CoA-carboxylase ligase activity	257.155	0.025769386216632096
GO:0004335	Molecular_Functions	galactokinase activity	256.268	0.025680500347898635
GO:0005534	Molecular_Functions	galactose binding	256.268	0.025680500347898635
GO:0042121	Biological_Processes	alginic acid biosynthetic process	256.094	0.02566306388661383
GO:0004070	Molecular_Functions	aspartate carbamoyltransferase activity	255.969	0.0256505376931621
GO:0016597	Molecular_Functions	amino acid binding	255.969	0.0256505376931621
GO:0004822	Molecular_Functions	isoleucine-tRNA ligase activity	252.109	0.025263728839372758
GO:0006428	Biological_Processes	isoleucyl-tRNA aminoacylation	252.109	0.025263728839372758
GO:0019419	Biological_Processes	sulfate reduction	251.158	0.025168429559592014
GO:0006040	Biological_Processes	amino sugar metabolic process	250.432	0.02509567742802438
GO:0009254	Biological_Processes	peptidoglycan turnover	250.432	0.02509567742802438
GO:0097175	Biological_Processes	1,6-anhydro-N-acetyl-beta-muramic acid catabolic process	250.432	0.02509567742802438
GO:0004812	Molecular_Functions	aminoacyl-tRNA ligase activity	250.313	0.025083752491858333
GO:0004325	Molecular_Functions	ferrochelatase activity	247.852	0.02483713679518072
GO:0008987	Molecular_Functions	quinolinate synthetase A activity	245.606	0.02461206615124008
GO:0004797	Molecular_Functions	thymidine kinase activity	245.433	0.024594729899502888
GO:0015969	Biological_Processes	guanosine tetraphosphate metabolic process	245.372	0.024588617117098446
GO:0008854	Molecular_Functions	exodeoxyribonuclease V activity	244.423	0.024493518256412928
GO:0006304	Biological_Processes	DNA modification	242.642	0.024315045052112717
GO:0001681	Molecular_Functions	sialate O-acetylesterase activity	241.611	0.024211729008522864
GO:0004831	Molecular_Functions	tyrosine-tRNA ligase activity	241.182	0.024168739112596538
GO:0006437	Biological_Processes	tyrosyl-tRNA aminoacylation	241.182	0.024168739112596538
GO:0003826	Molecular_Functions	alpha-ketoacid dehydrogenase activity	240.971	0.02414759489805002
GO:0003863	Molecular_Functions	3-methyl-2-oxobutanoate dehydrogenase (2-methylpropanoyl-transferring) activity	240.971	0.02414759489805002
GO:0009083	Biological_Processes	branched-chain amino acid catabolic process	240.971	0.02414759489805002
GO:0016614	Molecular_Functions	oxidoreductase activity, acting on CH-OH group of donors	240.516	0.02410199955388573
GO:0016835	Molecular_Functions	carbon-oxygen lyase activity	239.818	0.024032053289651287
GO:0097173	Biological_Processes	N-acetylmuramic acid catabolic process	239.818	0.024032053289651287
GO:0004595	Molecular_Functions	pantetheine-phosphate adenylyltransferase activity	239.105	0.02396060388220263
GO:0004399	Molecular_Functions	histidinol dehydrogenase activity	238.68	0.02391801482446676
GO:0009063	Biological_Processes	cellular amino acid catabolic process	238.434	0.023893363275753757
GO:0016798	Molecular_Functions	hydrolase activity, acting on glycosyl bonds	238.339	0.023883843368730444
GO:0004813	Molecular_Functions	alanine-tRNA ligase activity	237.323	0.023782030468354802
GO:0006419	Biological_Processes	alanyl-tRNA aminoacylation	237.323	0.023782030468354802
GO:0046496	Biological_Processes	nicotinamide nucleotide metabolic process	236.494	0.023698956753382946
GO:0052855	Molecular_Functions	ADP-dependent NAD(P)H-hydrate dehydratase activity	236.494	0.023698956753382946
GO:0052856	Molecular_Functions	NADHX epimerase activity	236.494	0.023698956753382946
GO:0004540	Molecular_Functions	ribonuclease activity	236.059	0.02365536560017093
GO:0004471	Molecular_Functions	malate dehydrogenase (decarboxylating) (NAD+) activity	235.973	0.023646747579076147
GO:0004473	Molecular_Functions	malate dehydrogenase (decarboxylating) (NADP+) activity	235.973	0.023646747579076147
GO:0006108	Biological_Processes	malate metabolic process	235.973	0.023646747579076147
GO:0008948	Molecular_Functions	oxaloacetate decarboxylase activity	235.973	0.023646747579076147
GO:0004640	Molecular_Functions	phosphoribosylanthranilate isomerase activity	235.575	0.023606864179125844
GO:0016840	Molecular_Functions	carbon-nitrogen lyase activity	235.288	0.023578104038960677
GO:1904047	Molecular_Functions	S-adenosyl-L-methionine binding	235.288	0.023578104038960677
GO:0003678	Molecular_Functions	DNA helicase activity	234.821	0.023531306180225024
GO:0000175	Molecular_Functions	3'-5'-exoribonuclease activity	234.378	0.023486913350632098
GO:0004401	Molecular_Functions	histidinol-phosphatase activity	233.928	0.023441819054205882
GO:0004424	Molecular_Functions	imidazoleglycerol-phosphate dehydratase activity	233.928	0.023441819054205882
GO:0018298	Biological_Processes	protein-chromophore linkage	232.657	0.023314452719188715
GO:0006855	Biological_Processes	drug transmembrane transport	232.178	0.023266452345881695
GO:0008890	Molecular_Functions	glycine C-acetyltransferase activity	231.313	0.02317977108719574
GO:0004107	Molecular_Functions	chorismate synthase activity	230.911	0.023139486849054983
GO:0008972	Molecular_Functions	phosphomethylpyrimidine kinase activity	230.621	0.02311042608024698
GO:0016780	Molecular_Functions	phosphotransferase activity, for other substituted phosphate groups	230.473	0.02309559506720013
GO:0008198	Molecular_Functions	ferrous iron binding	229.536	0.02300169872108598
GO:0016701	Molecular_Functions	oxidoreductase activity, acting on single donors with incorporation of molecular oxygen	229.536	0.02300169872108598
GO:0031418	Molecular_Functions	L-ascorbic acid binding	229.133	0.022961314273397614
GO:0004849	Molecular_Functions	uridine kinase activity	228.964	0.022944378859850876
GO:0044206	Biological_Processes	UMP salvage	228.964	0.022944378859850876
GO:0044211	Biological_Processes	CTP salvage	228.964	0.022944378859850876
GO:0004819	Molecular_Functions	glutamine-tRNA ligase activity	228.551	0.022902992316686365
GO:0006425	Biological_Processes	glutaminyl-tRNA aminoacylation	228.551	0.022902992316686365
GO:0009007	Molecular_Functions	site-specific DNA-methyltransferase (adenine-specific) activity	228.426	0.022890466123234636
GO:0006465	Biological_Processes	signal peptide processing	228.127	0.022860503468498106
GO:0009190	Biological_Processes	cyclic nucleotide biosynthetic process	228.062	0.02285398984790321
GO:0016849	Molecular_Functions	phosphorus-oxygen lyase activity	228.062	0.02285398984790321
GO:0035556	Biological_Processes	intracellular signal transduction	228.062	0.02285398984790321
GO:0006268	Biological_Processes	DNA unwinding involved in DNA replication	227.947	0.02284246574992762
GO:0017150	Molecular_Functions	tRNA dihydrouridine synthase activity	227.415	0.022789154270597065
GO:0008801	Molecular_Functions	beta-phosphoglucomutase activity	226.978	0.022745362698289827
GO:0008859	Molecular_Functions	exoribonuclease II activity	226.908	0.022738348029956855
GO:0004664	Molecular_Functions	prephenate dehydratase activity	226.494	0.022696861277244736
GO:0009094	Biological_Processes	L-phenylalanine biosynthetic process	226.494	0.022696861277244736
GO:0004619	Molecular_Functions	phosphoglycerate mutase activity	226.477	0.022695157714935302
GO:0006004	Biological_Processes	fucose metabolic process	226.407	0.022688143046602334
GO:0015079	Molecular_Functions	potassium ion transmembrane transporter activity	226.393	0.02268674011293574
GO:0030490	Biological_Processes	maturation of SSU-rRNA	226.317	0.02267912418731709
GO:0004799	Molecular_Functions	thymidylate synthase activity	225.988	0.022646155246152145
GO:0006231	Biological_Processes	dTMP biosynthetic process	225.988	0.022646155246152145
GO:0006235	Biological_Processes	dTTP biosynthetic process	225.988	0.022646155246152145
GO:0002098	Biological_Processes	tRNA wobble uridine modification	225.718	0.022619098668296412
GO:0016866	Molecular_Functions	intramolecular transferase activity	224.955	0.02254263878346707
GO:0003937	Molecular_Functions	IMP cyclohydrolase activity	224.898	0.02253692683925308
GO:0004643	Molecular_Functions	phosphoribosylaminoimidazolecarboxamide formyltransferase activity	224.898	0.02253692683925308
GO:0004637	Molecular_Functions	phosphoribosylamine-glycine ligase activity	224.127	0.022459665278042825
GO:0009113	Biological_Processes	purine nucleobase biosynthetic process	224.127	0.022459665278042825
GO:0004152	Molecular_Functions	dihydroorotate dehydrogenase activity	222.792	0.02232588553197837
GO:0004126	Molecular_Functions	cytidine deaminase activity	222.699	0.022316566044050287
GO:0030091	Biological_Processes	protein repair	222.607	0.022307346765669814
GO:0033743	Molecular_Functions	peptide-methionine (R)-S-oxide reductase activity	222.607	0.022307346765669814
GO:0016645	Molecular_Functions	oxidoreductase activity, acting on the CH-NH group of donors	221.972	0.022243713702935042
GO:0071709	Biological_Processes	membrane assembly	221.393	0.022185692374866638
GO:0030060	Molecular_Functions	L-malate dehydrogenase activity	221.375	0.02218388860300959
GO:0004015	Molecular_Functions	adenosylmethionine-8-amino-7-oxononanoate transaminase activity	221.27	0.022173366600510138
GO:0016117	Biological_Processes	carotenoid biosynthetic process	220.365	0.02208267695991963
GO:0042586	Molecular_Functions	peptide deformylase activity	219.911	0.022037181825302954
GO:0034257	Molecular_Functions	nicotinamide riboside transmembrane transporter activity	219.859	0.022031970928827038
GO:0004632	Molecular_Functions	phosphopantothenate--cysteine ligase activity	219.513	0.021997298425352654
GO:0004633	Molecular_Functions	phosphopantothenoylcysteine decarboxylase activity	219.513	0.021997298425352654
GO:0015941	Biological_Processes	pantothenate catabolic process	219.513	0.021997298425352654
GO:0003978	Molecular_Functions	UDP-glucose 4-epimerase activity	218.061	0.021851794162217386
GO:0004333	Molecular_Functions	fumarate hydratase activity	218.014	0.021847084313479537
GO:0006106	Biological_Processes	fumarate metabolic process	218.014	0.021847084313479537
GO:0045239	Cellular_Components	tricarboxylic acid cycle enzyme complex	218.014	0.021847084313479537
GO:0003919	Molecular_Functions	FMN adenylyltransferase activity	217.14	0.021759501168865058
GO:0006747	Biological_Processes	FAD biosynthetic process	217.14	0.021759501168865058
GO:0008531	Molecular_Functions	riboflavin kinase activity	217.14	0.021759501168865058
GO:0009398	Biological_Processes	FMN biosynthetic process	217.14	0.021759501168865058
GO:0003842	Molecular_Functions	1-pyrroline-5-carboxylate dehydrogenase activity	216.024	0.021647667313728032
GO:0010133	Biological_Processes	proline catabolic process to glutamate	216.024	0.021647667313728032
GO:0032300	Cellular_Components	mismatch repair complex	215.992	0.02164446060820439
GO:0071793	Biological_Processes	bacillithiol biosynthetic process	215.679	0.021613095019801264
GO:0004825	Molecular_Functions	methionine-tRNA ligase activity	215.544	0.0215995667308734
GO:0006431	Biological_Processes	methionyl-tRNA aminoacylation	215.544	0.0215995667308734
GO:0015658	Molecular_Functions	branched-chain amino acid transmembrane transporter activity	214.821	0.021527115227948607
GO:0008837	Molecular_Functions	diaminopimelate epimerase activity	214.692	0.021514188196306423
GO:0009316	Cellular_Components	3-isopropylmalate dehydratase complex	214.396	0.02148452617021273
GO:0006534	Biological_Processes	cysteine metabolic process	214.232	0.021468091804404066
GO:0031071	Molecular_Functions	cysteine desulfurase activity	214.232	0.021468091804404066
GO:0004016	Molecular_Functions	adenylate cyclase activity	212.685	0.021313067634245484
GO:0006171	Biological_Processes	cAMP biosynthetic process	212.685	0.021313067634245484
GO:0019932	Biological_Processes	second-messenger-mediated signaling	212.685	0.021313067634245484
GO:0043590	Cellular_Components	bacterial nucleoid	212.574	0.02130194437446035
GO:0008409	Molecular_Functions	5'-3' exonuclease activity	212.386	0.02128310497950895
GO:0033817	Molecular_Functions	beta-ketoacyl-acyl-carrier-protein synthase II activity	212.386	0.02128310497950895
GO:0008808	Molecular_Functions	cardiolipin synthase activity	211.946	0.02123901277855887
GO:0032049	Biological_Processes	cardiolipin biosynthetic process	211.946	0.02123901277855887
GO:0016311	Biological_Processes	dephosphorylation	211.774	0.021221776736369293
GO:0046677	Biological_Processes	response to antibiotic	211.774	0.021221776736369293
GO:0050380	Molecular_Functions	undecaprenyl-diphosphatase activity	211.774	0.021221776736369293
GO:0003922	Molecular_Functions	GMP synthase (glutamine-hydrolyzing) activity	211.719	0.021216265211250532
GO:0003999	Molecular_Functions	adenine phosphoribosyltransferase activity	211.41	0.021185300461037865
GO:0006166	Biological_Processes	purine ribonucleoside salvage	211.41	0.021185300461037865
GO:0006168	Biological_Processes	adenine salvage	211.41	0.021185300461037865
GO:0003855	Molecular_Functions	3-dehydroquinate dehydratase activity	211.368	0.021181091660038082
GO:0070204	Molecular_Functions	2-succinyl-5-enolpyruvyl-6-hydroxy-3-cyclohexene-1-carboxylic-acid synthase activity	211.236	0.02116786399975306
GO:0006415	Biological_Processes	translational termination	211.206	0.021164857713324645
GO:0004743	Molecular_Functions	pyruvate kinase activity	211.081	0.021152331519872915
GO:0004550	Molecular_Functions	nucleoside diphosphate kinase activity	208.805	0.020924254589503862
GO:0006183	Biological_Processes	GTP biosynthetic process	208.805	0.020924254589503862
GO:0006228	Biological_Processes	UTP biosynthetic process	208.805	0.020924254589503862
GO:0006241	Biological_Processes	CTP biosynthetic process	208.805	0.020924254589503862
GO:1990397	Biological_Processes	queuosine salvage	208.581	0.020901807650838364
GO:0008765	Molecular_Functions	UDP-N-acetylmuramoylalanyl-D-glutamate-2,6-diaminopimelate ligase activity	208.533	0.0208969975925529
GO:0016868	Molecular_Functions	intramolecular transferase activity, phosphotransferases	208.335	0.020877156102125365
GO:0033862	Molecular_Functions	UMP kinase activity	207.914	0.020834967882579946
GO:0004420	Molecular_Functions	hydroxymethylglutaryl-CoA reductase (NADPH) activity	207.235	0.020766925599750165
GO:0015936	Biological_Processes	coenzyme A metabolic process	207.235	0.020766925599750165
GO:0042282	Molecular_Functions	hydroxymethylglutaryl-CoA reductase activity	207.235	0.020766925599750165
GO:0006084	Biological_Processes	acetyl-CoA metabolic process	207.047	0.020748086204798764
GO:0008909	Molecular_Functions	isochorismate synthase activity	206.864	0.020729747857585436
GO:0006081	Biological_Processes	cellular aldehyde metabolic process	206.696	0.020712912653586314
GO:0008495	Molecular_Functions	protoheme IX farnesyltransferase activity	206.185	0.020661705574755652
GO:0048034	Biological_Processes	heme O biosynthetic process	206.185	0.020661705574755652
GO:0004048	Molecular_Functions	anthranilate phosphoribosyltransferase activity	206.131	0.020656294259184502
GO:0004055	Molecular_Functions	argininosuccinate synthase activity	205.182	0.020561195398498988
GO:0033819	Molecular_Functions	lipoyl(octanoyl) transferase activity	205.178	0.020560794560308533
GO:0102555	Molecular_Functions	octanoyl transferase activity (acting on glycine-cleavage complex H protein)	205.178	0.020560794560308533
GO:0004360	Molecular_Functions	glutamine-fructose-6-phosphate transaminase (isomerizing) activity	205.16	0.020558990788451484
GO:1901137	Biological_Processes	carbohydrate derivative biosynthetic process	205.16	0.020558990788451484
GO:0042128	Biological_Processes	nitrate assimilation	204.474	0.020490247038788403
GO:0042279	Molecular_Functions	nitrite reductase (cytochrome, ammonia-forming) activity	204.474	0.020490247038788403
GO:0042597	Cellular_Components	periplasmic space	204.474	0.020490247038788403
GO:0004056	Molecular_Functions	argininosuccinate lyase activity	203.757	0.020418396793149295
GO:0005198	Molecular_Functions	structural molecule activity	203.732	0.020415891554458946
GO:0097428	Biological_Processes	protein maturation by iron-sulfur cluster transfer	203.732	0.020415891554458946
GO:0008784	Molecular_Functions	alanine racemase activity	203.465	0.020389135605246057
GO:0030632	Biological_Processes	D-alanine biosynthetic process	203.465	0.020389135605246057
GO:0015891	Biological_Processes	siderophore transport	202.64	0.020306462728464654
GO:0038023	Molecular_Functions	signaling receptor activity	202.64	0.020306462728464654
GO:0004356	Molecular_Functions	glutamate-ammonia ligase activity	202.29	0.020271389386799815
GO:0042286	Molecular_Functions	glutamate-1-semialdehyde 2,1-aminomutase activity	202.144	0.0202567587928482
GO:0047150	Molecular_Functions	betaine-homocysteine S-methyltransferase activity	201.765	0.02021877937430256
GO:0004815	Molecular_Functions	aspartate-tRNA ligase activity	201.706	0.020212867010993348
GO:0006422	Biological_Processes	aspartyl-tRNA aminoacylation	201.706	0.020212867010993348
GO:0004141	Molecular_Functions	dethiobiotin synthase activity	201.359	0.02017809429797135
GO:0008961	Molecular_Functions	phosphatidylglycerol-prolipoprotein diacylglyceryl transferase activity	200.977	0.020139814250782873
GO:0004149	Molecular_Functions	dihydrolipoyllysine-residue succinyltransferase activity	200.888	0.02013089560104524
GO:0033512	Biological_Processes	L-lysine catabolic process to acetyl-CoA via saccharopine	200.888	0.02013089560104524
GO:0045252	Cellular_Components	oxoglutarate dehydrogenase complex	200.888	0.02013089560104524
GO:0004657	Molecular_Functions	proline dehydrogenase activity	200.554	0.020097425612142224
GO:0006562	Biological_Processes	proline catabolic process	200.554	0.020097425612142224
GO:0061711	Molecular_Functions	N(6)-L-threonylcarbamoyladenine synthase activity	199.959	0.020037800931312
GO:0004818	Molecular_Functions	glutamate-tRNA ligase activity	199.396	0.01998138295600542
GO:0043171	Biological_Processes	peptide catabolic process	199.384	0.019980180441434053
GO:0045148	Molecular_Functions	tripeptide aminopeptidase activity	199.384	0.019980180441434053
GO:0004674	Molecular_Functions	protein serine/threonine kinase activity	198.786	0.01992025513196099
GO:0004525	Molecular_Functions	ribonuclease III activity	197.879	0.019829365072275253
GO:0006397	Biological_Processes	mRNA processing	197.879	0.019829365072275253
GO:0016075	Biological_Processes	rRNA catabolic process	197.879	0.019829365072275253
GO:0004342	Molecular_Functions	glucosamine-6-phosphate deaminase activity	197.664	0.01980782001953828
GO:0004749	Molecular_Functions	ribose phosphate diphosphokinase activity	197.53	0.01979439194015803
GO:0009156	Biological_Processes	ribonucleoside monophosphate biosynthetic process	197.53	0.01979439194015803
GO:0009165	Biological_Processes	nucleotide biosynthetic process	197.53	0.01979439194015803
GO:0050480	Molecular_Functions	imidazolonepropionase activity	197.461	0.01978747748137268
GO:0018580	Molecular_Functions	nitronate monooxygenase activity	197.31	0.01977234583968299
GO:0008959	Molecular_Functions	phosphate acetyltransferase activity	197.184	0.019759719436683646
GO:0009030	Molecular_Functions	thiamine-phosphate kinase activity	196.836	0.01972484651411404
GO:0006808	Biological_Processes	regulation of nitrogen utilization	196.474	0.019688570657877835
GO:0030234	Molecular_Functions	enzyme regulator activity	196.474	0.019688570657877835
GO:0008716	Molecular_Functions	D-alanine-D-alanine ligase activity	196.14	0.019655100668974818
GO:0004478	Molecular_Functions	methionine adenosyltransferase activity	195.88	0.019629046186595226
GO:0006556	Biological_Processes	S-adenosylmethionine biosynthetic process	195.88	0.019629046186595226
GO:0031167	Biological_Processes	rRNA methylation	195.607	0.019601688980096652
GO:0004505	Molecular_Functions	phenylalanine 4-monooxygenase activity	195.381	0.019579041622335928
GO:0004638	Molecular_Functions	phosphoribosylaminoimidazole carboxylase activity	194.111	0.019451775496866375
GO:0034028	Molecular_Functions	5-(carboxyamino)imidazole ribonucleotide synthase activity	194.111	0.019451775496866375
GO:0004489	Molecular_Functions	methylenetetrahydrofolate reductase (NAD(P)H) activity	193.763	0.01941690257429677
GO:0005829	Cellular_Components	cytosol	193.763	0.01941690257429677
GO:0004807	Molecular_Functions	triose-phosphate isomerase activity	193.709	0.01941149125872562
GO:0004066	Molecular_Functions	asparagine synthase (glutamine-hydrolyzing) activity	193.627	0.01940327407582129
GO:0006529	Biological_Processes	asparagine biosynthetic process	193.627	0.01940327407582129
GO:0004715	Molecular_Functions	non-membrane spanning protein tyrosine kinase activity	193.528	0.01939335333060752
GO:0004455	Molecular_Functions	ketol-acid reductoisomerase activity	193.384	0.019378923155751127
GO:0004343	Molecular_Functions	glucosamine 6-phosphate N-acetyltransferase activity	193.14	0.019354472026133353
GO:0006048	Biological_Processes	UDP-N-acetylglucosamine biosynthetic process	193.14	0.019354472026133353
GO:0016884	Molecular_Functions	carbon-nitrogen ligase activity, with glutamine as amido-N-donor	192.991	0.0193395408035389
GO:0004514	Molecular_Functions	nicotinate-nucleotide diphosphorylase (carboxylating) activity	192.951	0.019335532421634345
GO:0008830	Molecular_Functions	dTDP-4-dehydrorhamnose 3,5-epimerase activity	192.846	0.019325010419134894
GO:0004076	Molecular_Functions	biotin synthase activity	192.105	0.01925075514435305
GO:0004017	Molecular_Functions	adenylate kinase activity	191.924	0.019232617216234954
GO:0004160	Molecular_Functions	dihydroxy-acid dehydratase activity	191.913	0.0192315149112112
GO:0009372	Biological_Processes	quorum sensing	191.848	0.0192250012906163
GO:0043768	Molecular_Functions	S-ribosylhomocysteine lyase activity	191.848	0.0192250012906163
GO:0008176	Molecular_Functions	tRNA (guanine-N7-)-methyltransferase activity	191.121	0.01915214894950105
GO:0000774	Molecular_Functions	adenyl-nucleotide exchange factor activity	191.066	0.01914663742438229
GO:0042803	Molecular_Functions	protein homodimerization activity	191.066	0.01914663742438229
GO:0051087	Molecular_Functions	chaperone binding	191.066	0.01914663742438229
GO:0006449	Biological_Processes	regulation of translational termination	190.802	0.019120182103812243
GO:0016149	Molecular_Functions	translation release factor activity, codon specific	190.802	0.019120182103812243
GO:0030272	Molecular_Functions	5-formyltetrahydrofolate cyclo-ligase activity	190.63	0.019102946061622668
GO:0008966	Molecular_Functions	phosphoglucosamine mutase activity	190.412	0.019081100380242855
GO:0019478	Biological_Processes	D-amino acid catabolic process	190.324	0.019072281940052838
GO:0043908	Molecular_Functions	Ser(Gly)-tRNA(Ala) hydrolase activity	190.324	0.019072281940052838
GO:0051499	Molecular_Functions	D-aminoacyl-tRNA deacylase activity	190.324	0.019072281940052838
GO:0106026	Molecular_Functions	Gly-tRNA(Ala) hydrolase activity	190.324	0.019072281940052838
GO:0019518	Biological_Processes	L-threonine catabolic process to glycine	189.848	0.01902458219538866
GO:0015930	Molecular_Functions	glutamate synthase activity	189.831	0.01902287863307922
GO:0042954	Molecular_Functions	obsolete lipoprotein transporter activity	189.583	0.018998026665270996
GO:2001070	Molecular_Functions	starch binding	189.049	0.01894451476684522
GO:0008773	Molecular_Functions	protein-PII uridylyltransferase activity	187.987	0.01883809222727934
GO:0007165	Biological_Processes	signal transduction	187.739	0.01881324025947111
GO:0000270	Biological_Processes	peptidoglycan metabolic process	187.321	0.018771352668568532
GO:0008933	Molecular_Functions	lytic transglycosylase activity	187.321	0.018771352668568532
GO:0008879	Molecular_Functions	glucose-1-phosphate thymidylyltransferase activity	186.811	0.018720245799285485
GO:0008705	Molecular_Functions	methionine synthase activity	186.742	0.01871333134050013
GO:0042558	Biological_Processes	pteridine-containing compound metabolic process	186.742	0.01871333134050013
GO:0005249	Molecular_Functions	voltage-gated potassium channel activity	186.633	0.018702408499810228
GO:0008076	Cellular_Components	voltage-gated potassium channel complex	186.633	0.018702408499810228
GO:0045278	Cellular_Components	plasma membrane respiratory chain complex IV	186.289	0.018667936415431068
GO:0003941	Molecular_Functions	L-serine ammonia-lyase activity	186.008	0.01863977753255159
GO:0000104	Molecular_Functions	succinate dehydrogenase activity	185.538	0.018592679045173092
GO:0004326	Molecular_Functions	tetrahydrofolylpolyglutamate synthase activity	184.715	0.018510206587486918
GO:0003952	Molecular_Functions	NAD+ synthase (glutamine-hydrolyzing) activity	184.404	0.018479041418179017
GO:0008795	Molecular_Functions	NAD+ synthase activity	184.404	0.018479041418179017
GO:0008762	Molecular_Functions	UDP-N-acetylmuramate dehydrogenase activity	183.361	0.0183745228600178
GO:0015109	Molecular_Functions	chromate transmembrane transporter activity	182.359	0.018274112893308755
GO:0009036	Molecular_Functions	type II site-specific deoxyribonuclease activity	182.323	0.018270505349594658
GO:0004814	Molecular_Functions	arginine-tRNA ligase activity	181.183	0.0181562664653149
GO:0006420	Biological_Processes	arginyl-tRNA aminoacylation	181.183	0.0181562664653149
GO:0006784	Biological_Processes	heme A biosynthetic process	180.993	0.018137226651268275
GO:0016627	Molecular_Functions	oxidoreductase activity, acting on the CH-CH group of donors	180.993	0.018137226651268275
GO:0046428	Molecular_Functions	1,4-dihydroxy-2-naphthoate octaprenyltransferase activity	180.708	0.018108666930198337
GO:0000902	Biological_Processes	cell morphogenesis	180.063	0.01804403177198742
GO:0004140	Molecular_Functions	dephospho-CoA kinase activity	179.75	0.018012666183584297
GO:0006635	Biological_Processes	fatty acid beta-oxidation	179.299	0.017967471677610463
GO:0006799	Biological_Processes	polyphosphate biosynthetic process	179.053	0.01794282012889746
GO:0008976	Molecular_Functions	polyphosphate kinase activity	179.053	0.01794282012889746
GO:0009358	Cellular_Components	polyphosphate kinase complex	179.053	0.01794282012889746
GO:0004494	Molecular_Functions	methylmalonyl-CoA mutase activity	179.017	0.017939212585183367
GO:0005451	Molecular_Functions	monovalent cation:proton antiporter activity	178.875	0.017924982829422204
GO:0008666	Molecular_Functions	2,3,4,5-tetrahydropyridine-2,6-dicarboxylate N-succinyltransferase activity	178.554	0.017892815564638165
GO:0016722	Molecular_Functions	oxidoreductase activity, oxidizing metal ions	177.759	0.017813148974285178
GO:0009379	Cellular_Components	Holliday junction helicase complex	177.327	0.017769858449716007
GO:0004605	Molecular_Functions	phosphatidate cytidylyltransferase activity	176.047	0.017641590228770317
GO:0016024	Biological_Processes	CDP-diacylglycerol biosynthetic process	176.047	0.017641590228770317
GO:0008835	Molecular_Functions	diaminohydroxyphosphoribosylaminopyrimidine deaminase activity	175.176	0.01755430771279868
GO:0009898	Cellular_Components	cytoplasmic side of plasma membrane	174.508	0.017487367734992647
GO:0003883	Molecular_Functions	CTP synthase activity	174.35	0.017471534626469665
GO:0004096	Molecular_Functions	catalase activity	174.019	0.01743836526620949
GO:0042744	Biological_Processes	hydrogen peroxide catabolic process	174.019	0.01743836526620949
GO:0071268	Biological_Processes	homocysteine biosynthetic process	173.981	0.017434557303400162
GO:0016743	Molecular_Functions	carboxyl- or carbamoyltransferase activity	173.145	0.01735078212159501
GO:2001295	Biological_Processes	malonyl-CoA biosynthetic process	173.145	0.01735078212159501
GO:0004034	Molecular_Functions	aldose 1-epimerase activity	173.039	0.01734015990954794
GO:0019318	Biological_Processes	hexose metabolic process	173.039	0.01734015990954794
GO:0052654	Molecular_Functions	L-leucine transaminase activity	172.767	0.017312902912596986
GO:0052655	Molecular_Functions	L-valine transaminase activity	172.767	0.017312902912596986
GO:0052656	Molecular_Functions	L-isoleucine transaminase activity	172.767	0.017312902912596986
GO:0018364	Biological_Processes	peptidyl-glutamine methylation	172.665	0.017302681538740372
GO:0036009	Molecular_Functions	protein-glutamine N-methyltransferase activity	172.665	0.017302681538740372
GO:0102559	Molecular_Functions	protein-(glutamine-N5) methyltransferase activity	172.665	0.017302681538740372
GO:0008519	Molecular_Functions	ammonium transmembrane transporter activity	170.596	0.01709534798472738
GO:0008760	Molecular_Functions	UDP-N-acetylglucosamine 1-carboxyvinyltransferase activity	170.509	0.017086629754084978
GO:0019277	Biological_Processes	UDP-N-acetylgalactosamine biosynthetic process	170.509	0.017086629754084978
GO:0016879	Molecular_Functions	ligase activity, forming carbon-nitrogen bonds	170.373	0.017073001255609496
GO:0052908	Molecular_Functions	16S rRNA (adenine(1518)-N(6)/adenine(1519)-N(6))-dimethyltransferase activity	170.065	0.017042136714944443
GO:0003979	Molecular_Functions	UDP-glucose 6-dehydrogenase activity	169.477	0.016983213500947513
GO:0004329	Molecular_Functions	formate-tetrahydrofolate ligase activity	169.243	0.01695976446680588
GO:0004316	Molecular_Functions	3-oxoacyl-acyl-carrier-protein reductase (NADPH) activity	169.017	0.016937117109045156
GO:0003872	Molecular_Functions	6-phosphofructokinase activity	167.785	0.01681365894638493
GO:0006002	Biological_Processes	fructose 6-phosphate metabolic process	167.785	0.01681365894638493
GO:0008652	Biological_Processes	cellular amino acid biosynthetic process	167.573	0.016792414522290803
GO:0004794	Molecular_Functions	L-threonine ammonia-lyase activity	167.016	0.016736597804269903
GO:0004555	Molecular_Functions	alpha,alpha-trehalase activity	166.704	0.01670533242541439
GO:0005991	Biological_Processes	trehalose metabolic process	166.704	0.01670533242541439
GO:0034220	Biological_Processes	ion transmembrane transport	166.698	0.016704731168128706
GO:0016793	Molecular_Functions	triphosphoric monoester hydrolase activity	166.641	0.01669901922391472
GO:0004742	Molecular_Functions	dihydrolipoyllysine-residue acetyltransferase activity	166.47	0.016681883391272755
GO:0006090	Biological_Processes	pyruvate metabolic process	166.47	0.016681883391272755
GO:0045254	Cellular_Components	pyruvate dehydrogenase complex	166.47	0.016681883391272755
GO:0006751	Biological_Processes	glutathione catabolic process	166.349	0.016669758036011482
GO:0036374	Molecular_Functions	glutathione hydrolase activity	166.349	0.016669758036011482
GO:0019829	Molecular_Functions	ATPase-coupled cation transmembrane transporter activity	165.855	0.016620254519490254
GO:0004088	Molecular_Functions	carbamoyl-phosphate synthase (glutamine-hydrolyzing) activity	165.571	0.01659179500796793
GO:0003868	Molecular_Functions	4-hydroxyphenylpyruvate dioxygenase activity	165.183	0.016552913703493766
GO:0008914	Molecular_Functions	leucyltransferase activity	164.371	0.016471543550831344
GO:0004185	Molecular_Functions	serine-type carboxypeptidase activity	164.23	0.016457414004617796
GO:0006221	Biological_Processes	pyrimidine nucleotide biosynthetic process	164.224	0.016456812747332114
GO:0070181	Molecular_Functions	small ribosomal subunit rRNA binding	163.592	0.01639348031324018
GO:0006797	Biological_Processes	polyphosphate metabolic process	163.474	0.01638165558662175
GO:0016776	Molecular_Functions	phosphotransferase activity, phosphate group as acceptor	163.474	0.01638165558662175
GO:0052692	Molecular_Functions	raffinose alpha-galactosidase activity	162.736	0.01630770094048275
GO:0004148	Molecular_Functions	dihydrolipoyl dehydrogenase activity	160.822	0.016115899866349898
GO:0016836	Molecular_Functions	hydro-lyase activity	159.816	0.01601508906145039
GO:0004156	Molecular_Functions	dihydropteroate synthase activity	159.787	0.01601218298456959
GO:0052381	Molecular_Functions	tRNA dimethylallyltransferase activity	158.823	0.015915580980669867
GO:0004108	Molecular_Functions	citrate (Si)-synthase activity	158.662	0.01589944724350404
GO:0004844	Molecular_Functions	uracil DNA N-glycosylase activity	158.296	0.015862770549077383
GO:0004334	Molecular_Functions	fumarylacetoacetase activity	158.195	0.015852649384768387
GO:0009002	Molecular_Functions	serine-type D-Ala-D-Ala carboxypeptidase activity	157.668	0.015799838953175906
GO:0004642	Molecular_Functions	phosphoribosylformylglycinamidine synthase activity	157.615	0.015794527847152372
GO:0008460	Molecular_Functions	dTDP-glucose 4,6-dehydratase activity	156.792	0.015712055389466198
GO:0009225	Biological_Processes	nucleotide-sugar metabolic process	156.792	0.015712055389466198
GO:0018339	Biological_Processes	peptidyl-L-beta-methylthioaspartic acid biosynthetic process from peptidyl-aspartic acid	156.506	0.015683395458848642
GO:0103039	Molecular_Functions	protein methylthiotransferase activity	156.506	0.015683395458848642
GO:0016888	Molecular_Functions	endodeoxyribonuclease activity, producing 5'-phosphomonoesters	155.697	0.015602325934829063
GO:0004132	Molecular_Functions	dCMP deaminase activity	154.986	0.015531076946475635
GO:0017038	Biological_Processes	protein import	153.966	0.01542886320790954
GO:0016830	Molecular_Functions	carbon-carbon lyase activity	153.739	0.015406115640601202
GO:0004332	Molecular_Functions	fructose-bisphosphate aldolase activity	153.356	0.015367735383865107
GO:0004754	Molecular_Functions	saccharopine dehydrogenase (NAD+, L-lysine-forming) activity	152.216	0.015253496499585352
GO:0009085	Biological_Processes	lysine biosynthetic process	152.216	0.015253496499585352
GO:0008955	Molecular_Functions	peptidoglycan glycosyltransferase activity	151.333	0.01516501146904235
GO:0009274	Cellular_Components	peptidoglycan-based cell wall	151.333	0.01516501146904235
GO:0016763	Molecular_Functions	transferase activity, transferring pentosyl groups	151.333	0.01516501146904235
GO:0032977	Molecular_Functions	membrane insertase activity	151.24	0.015155691981114265
GO:0005315	Molecular_Functions	inorganic phosphate transmembrane transporter activity	151.189	0.015150581294185957
GO:0006817	Biological_Processes	phosphate ion transport	151.189	0.015150581294185957
GO:0003917	Molecular_Functions	DNA topoisomerase type I (single strand cut, ATP-independent) activity	150.453	0.015076827067142187
GO:0003866	Molecular_Functions	3-phosphoshikimate 1-carboxyvinyltransferase activity	149.397	0.01497100578486199
GO:0016702	Molecular_Functions	oxidoreductase activity, acting on single donors with incorporation of molecular oxygen, incorporation of two atoms of oxygen	147.427	0.014773592976062764
GO:0006007	Biological_Processes	glucose catabolic process	147.163	0.014747137655492718
GO:0046537	Molecular_Functions	2,3-bisphosphoglycerate-independent phosphoglycerate mutase activity	147.163	0.014747137655492718
GO:0003747	Molecular_Functions	translation release factor activity	146.77	0.014707755303280487
GO:0031072	Molecular_Functions	heat shock protein binding	146.765	0.014707254255542413
GO:0004515	Molecular_Functions	nicotinate-nucleotide adenylyltransferase activity	146.366	0.014667270646044502
GO:0042026	Biological_Processes	protein refolding	146.19	0.014649633765664466
GO:0004073	Molecular_Functions	aspartate-semialdehyde dehydrogenase activity	145.87	0.014617566710428046
GO:0045301	Molecular_Functions	tRNA-(2-methylthio-N-6-(cis-hydroxy)isopentenyl adenosine)-hydroxylase activity	145.228	0.014553232180859974
GO:0000107	Molecular_Functions	imidazoleglycerol-phosphate synthase activity	145.217	0.014552129875836222
GO:0003879	Molecular_Functions	ATP phosphoribosyltransferase activity	145.114	0.014541808292431997
GO:0004635	Molecular_Functions	phosphoribosyl-AMP cyclohydrolase activity	142.376	0.014267434551065356
GO:0004636	Molecular_Functions	phosphoribosyl-ATP diphosphatase activity	142.376	0.014267434551065356
GO:0009035	Molecular_Functions	type I site-specific deoxyribonuclease activity	141.167	0.014146281208000247
GO:0006306	Biological_Processes	DNA methylation	141.031	0.014132652709524768
GO:0008170	Molecular_Functions	N-methyltransferase activity	141.031	0.014132652709524768
GO:0035731	Molecular_Functions	dinitrosyl-iron complex binding	140.978	0.014127341603501235
GO:0008186	Molecular_Functions	RNA-dependent ATPase activity	140.632	0.014092669100026852
GO:0008108	Molecular_Functions	UDP-glucose:hexose-1-phosphate uridylyltransferase activity	140.306	0.014060000787504748
GO:0033499	Biological_Processes	galactose catabolic process via UDP-galactose	140.306	0.014060000787504748
GO:0008964	Molecular_Functions	phosphoenolpyruvate carboxylase activity	139.779	0.014007190355912262
GO:0015977	Biological_Processes	carbon fixation	139.779	0.014007190355912262
GO:0004477	Molecular_Functions	methenyltetrahydrofolate cyclohydrolase activity	139.379	0.013967106536866733
GO:0004488	Molecular_Functions	methylenetetrahydrofolate dehydrogenase (NADP+) activity	139.379	0.013967106536866733
GO:0007154	Biological_Processes	cell communication	138.227	0.013851665138015612
GO:0034979	Molecular_Functions	NAD-dependent protein deacetylase activity	138.089	0.013837836220444906
GO:0036054	Molecular_Functions	protein-malonyllysine demalonylase activity	138.089	0.013837836220444906
GO:0036055	Molecular_Functions	protein-succinyllysine desuccinylase activity	138.089	0.013837836220444906
GO:0006082	Biological_Processes	organic acid metabolic process	137.926	0.013821502064183852
GO:0008776	Molecular_Functions	acetate kinase activity	137.926	0.013821502064183852
GO:0004725	Molecular_Functions	protein tyrosine phosphatase activity	137.874	0.013816291167707934
GO:0003885	Molecular_Functions	D-arabinono-1,4-lactone oxidase activity	137.226	0.013751355380854178
GO:0003725	Molecular_Functions	double-stranded RNA binding	137.078	0.013736524367807331
GO:0004654	Molecular_Functions	polyribonucleotide nucleotidyltransferase activity	136.55	0.013683613726667236
GO:0008253	Molecular_Functions	5'-nucleotidase activity	135.282	0.013556548020292913
GO:0004829	Molecular_Functions	threonine-tRNA ligase activity	134.672	0.01349542019624848
GO:0006435	Biological_Processes	threonyl-tRNA aminoacylation	134.672	0.01349542019624848
GO:0030416	Biological_Processes	methylamine metabolic process	134.129	0.013441006411894175
GO:0034023	Molecular_Functions	5-(carboxyamino)imidazole ribonucleotide mutase activity	133.756	0.01340362825063422
GO:0003690	Molecular_Functions	double-stranded DNA binding	133.723	0.013400321335562966
GO:0009001	Molecular_Functions	serine O-acetyltransferase activity	131.873	0.013214933672477395
GO:0043115	Molecular_Functions	precorrin-2 dehydrogenase activity	129.687	0.012995875601393585
GO:0002938	Biological_Processes	tRNA guanine ribose methylation	129.546	0.012981746055180035
GO:0009020	Molecular_Functions	tRNA (guanosine-2'-O-)-methyltransferase activity	129.546	0.012981746055180035
GO:0004035	Molecular_Functions	alkaline phosphatase activity	129.489	0.012976034110966046
GO:0003862	Molecular_Functions	3-isopropylmalate dehydrogenase activity	128.111	0.012837945354354199
GO:0003864	Molecular_Functions	3-methyl-2-oxobutanoate hydroxymethyltransferase activity	127.265	0.012753168077072908
GO:0009263	Biological_Processes	deoxyribonucleotide biosynthetic process	126.618	0.012688332499766766
GO:0102971	Molecular_Functions	phosphinothricin N-acetyltransferase activity	125.922	0.012618586654627548
GO:0004150	Molecular_Functions	dihydroneopterin aldolase activity	125.459	0.01257218963408235
GO:0046656	Biological_Processes	folic acid biosynthetic process	125.459	0.01257218963408235
GO:0008276	Molecular_Functions	protein methyltransferase activity	124.142	0.012440213659874948
GO:0016758	Molecular_Functions	transferase activity, transferring hexosyl groups	124.01	0.012426985999589924
GO:0006885	Biological_Processes	regulation of pH	123.344	0.012360246440879118
GO:0015081	Molecular_Functions	sodium ion transmembrane transporter activity	123.344	0.012360246440879118
GO:0047480	Molecular_Functions	UDP-N-acetylmuramoyl-tripeptide-D-alanyl-D-alanine ligase activity	121.997	0.012225264180243299
GO:0019491	Biological_Processes	ectoine biosynthetic process	121.155	0.012140887741152464
GO:0033990	Molecular_Functions	ectoine synthase activity	121.155	0.012140887741152464
GO:0051258	Biological_Processes	protein polymerization	120.933	0.012118641221582196
GO:0009691	Biological_Processes	cytokinin biosynthetic process	120.806	0.01210591460903524
GO:0036524	Molecular_Functions	protein deglycase activity	120.534	0.01207865761208428
GO:0015150	Molecular_Functions	fucose transmembrane transporter activity	119.66	0.011991074467469802
GO:0006783	Biological_Processes	heme biosynthetic process	118.166	0.011841361403334753
GO:0015343	Molecular_Functions	siderophore transmembrane transporter activity	117.757	0.011800375698360701
GO:0031992	Molecular_Functions	energy transducer activity	117.757	0.011800375698360701
GO:0004124	Molecular_Functions	cysteine synthase activity	116.986	0.011723114137150445
GO:0004400	Molecular_Functions	histidinol-phosphate transaminase activity	116.835	0.011707982495460758
GO:0003949	Molecular_Functions	1-(5-phosphoribosyl)-5-(5-phosphoribosylamino)methylideneaminoimidazole-4-carboxamide isomerase activity	116.363	0.011660683588987034
GO:0009678	Molecular_Functions	pyrophosphate hydrolysis-driven proton transmembrane transporter activity	116.128	0.011637134345297787
GO:1902600	Biological_Processes	proton transmembrane transport	116.128	0.011637134345297787
GO:0008840	Molecular_Functions	4-hydroxy-tetrahydrodipicolinate synthase activity	115.93	0.01161729285487025
GO:0004587	Molecular_Functions	ornithine-oxo-acid transaminase activity	115.184	0.01154253653235034
GO:0008745	Molecular_Functions	N-acetylmuramoyl-L-alanine amidase activity	114.974	0.011521492527351438
GO:0042781	Molecular_Functions	3'-tRNA processing endoribonuclease activity	114.929	0.011516983097708816
GO:0004413	Molecular_Functions	homoserine kinase activity	113.67	0.011390819277263016
GO:0008289	Molecular_Functions	lipid binding	112.991	0.011322776994433232
GO:0004823	Molecular_Functions	leucine-tRNA ligase activity	112.712	0.011294818530648974
GO:0006429	Biological_Processes	leucyl-tRNA aminoacylation	112.712	0.011294818530648974
GO:0030435	Biological_Processes	sporulation resulting in formation of a cellular spore	112.47	0.01127056782012643
GO:0015833	Biological_Processes	peptide transport	108.746	0.01089738746481256
GO:0015116	Molecular_Functions	sulfate transmembrane transporter activity	107.606	0.010783148580532805
GO:0019213	Molecular_Functions	deacetylase activity	106.858	0.010708191838917669
GO:0004833	Molecular_Functions	tryptophan 2,3-dioxygenase activity	106.771	0.010699473608275265
GO:0004476	Molecular_Functions	mannose-6-phosphate isomerase activity	106.532	0.010675523526395562
GO:0022900	Biological_Processes	electron transport chain	105.324	0.010554470392878065
GO:0004190	Molecular_Functions	aspartic-type endopeptidase activity	105.319	0.010553969345139998
GO:0006508	Biological_Processes	proteolysis	105.25	0.010547054886354643
GO:0070006	Molecular_Functions	metalloaminopeptidase activity	101.464	0.010167661539088718
GO:0070084	Biological_Processes	protein initiator methionine removal	101.464	0.010167661539088718
GO:0070009	Molecular_Functions	serine-type aminopeptidase activity	101.001	0.01012126451854352
GO:0004588	Molecular_Functions	orotate phosphoribosyltransferase activity	99.8862	0.01000955091486363
GO:0140078	Molecular_Functions	class I DNA-(apurinic or apyrimidinic site) endonuclease activity	98.396	0.009860218647009516
GO:0006546	Biological_Processes	glycine catabolic process	95.4239	0.009562385850546478
GO:0008251	Molecular_Functions	tRNA-specific adenosine deaminase activity	93.3844	0.00935800847818809
GO:0008892	Molecular_Functions	guanine deaminase activity	93.3844	0.00935800847818809
GO:0052906	Molecular_Functions	tRNA (guanine(37)-N(1))-methyltransferase activity	92.8389	0.00930334416996475
GO:0030259	Biological_Processes	lipid glycosylation	92.7254	0.00929197038631058
GO:0050511	Molecular_Functions	undecaprenyldiphospho-muramoylpentapeptide beta-N-acetylglucosaminyltransferase activity	92.7254	0.00929197038631058
GO:0051991	Molecular_Functions	UDP-N-acetyl-D-glucosamine:N-acetylmuramoyl-L-alanyl-D-glutamyl-meso-2,6-diaminopimelyl-D-alanyl-D-alanine-diphosphoundecaprenol 4-beta-N-acetylglucosaminlytransferase activity	92.7254	0.00929197038631058
GO:0008559	Molecular_Functions	ATPase-coupled xenobiotic transmembrane transporter activity	91.2192	0.009141034765694646
GO:0042173	Biological_Processes	regulation of sporulation resulting in formation of a cellular spore	91.0061	0.009119680111098141
GO:0015105	Molecular_Functions	arsenite transmembrane transporter activity	87.3658	0.008754887294919548
GO:0015075	Molecular_Functions	ion transmembrane transporter activity	86.5961	0.00867775600612119
GO:0000286	Molecular_Functions	alanine dehydrogenase activity	85.3929	0.008557183878432241
GO:0042853	Biological_Processes	L-alanine catabolic process	85.3929	0.008557183878432241
GO:0005992	Biological_Processes	trehalose biosynthetic process	85.2725	0.008545118648899537
GO:0009291	Biological_Processes	unidirectional conjugation	81.9909	0.008216270997450023
GO:0004040	Molecular_Functions	amidase activity	80.3518	0.008052017527956208
GO:0042773	Biological_Processes	ATP synthesis coupled electron transport	79.2634	0.007942949456333327
GO:0048038	Molecular_Functions	quinone binding	79.2634	0.007942949456333327
GO:0050136	Molecular_Functions	NADH dehydrogenase (quinone) activity	79.2634	0.007942949456333327
GO:0004139	Molecular_Functions	deoxyribose-phosphate aldolase activity	79.1102	0.00792759735363889
GO:0009264	Biological_Processes	deoxyribonucleotide catabolic process	79.1102	0.00792759735363889
GO:0046386	Biological_Processes	deoxyribose phosphate catabolic process	79.1102	0.00792759735363889
GO:0004318	Molecular_Functions	enoyl-acyl-carrier-protein reductase (NADH) activity	77.1556	0.007731727771872916
GO:0016631	Molecular_Functions	enoyl-acyl-carrier-protein reductase activity	77.1556	0.007731727771872916
GO:0008763	Molecular_Functions	UDP-N-acetylmuramate-L-alanine ligase activity	74.9105	0.007506747316525126
GO:0004817	Molecular_Functions	cysteine-tRNA ligase activity	68.5355	0.006867911450487018
GO:0006423	Biological_Processes	cysteinyl-tRNA aminoacylation	68.5355	0.006867911450487018
GO:0031177	Molecular_Functions	phosphopantetheine binding	67.9009	0.006804318471571287
GO:0008998	Molecular_Functions	ribonucleoside-triphosphate reductase activity	64.3244	0.006445919024530456
GO:0050348	Molecular_Functions	trehalose O-mycolyltransferase activity	57.2834	0.005740343599781545
GO:0003727	Molecular_Functions	single-stranded RNA binding	56.9854	0.005710481154592626
GO:0034605	Biological_Processes	cellular response to heat	56.9854	0.005710481154592626
GO:0006567	Biological_Processes	threonine catabolic process	41.465	0.004155188891807081
GO:0003905	Molecular_Functions	alkylbase DNA N-glycosylase activity	38.9975	0.003907921833069978